row,col,value
323,152,32357
323,153,13832
323,154,219
323,155,79
323,156,32
323,157,5
324,148,12
324,149,177
324,150,551
324,151,1353
324,152,9198
324,153,3672
324,154,1347
324,155,714
324,156,236
324,157,45
324,158,26
324,159,14
324,160,7
325,145,16
325,146,171
325,147,298
325,148,404
325,149,528
325,150,631
325,151,1199
325,152,2627
325,153,882
325,154,255
325,155,586
325,156,828
325,157,380
325,158,201
325,159,30
325,160,16
326,142,1871
326,143,2727
326,144,342
326,145,420
326,146,308
326,147,321
326,148,442
326,149,502
326,150,1018
326,151,739
326,152,1392
326,153,413
326,154,239
326,155,205
326,156,185
326,157,421
326,158,465
326,159,272
326,160,59
327,140,2
327,141,53
327,142,843
327,143,1684
327,144,733
327,145,718
327,146,425
327,147,438
327,148,440
327,149,670
327,150,524
327,151,480
327,152,864
327,153,234
327,154,186
327,155,140
327,156,187
327,157,176
327,158,152
327,159,252
327,160,192
328,122,1823
328,125,23
328,126,5437
328,127,1099
328,128,6
328,129,5
328,130,2
328,131,7
328,137,10
328,138,6
328,139,13
328,140,82
328,141,400
328,142,588
328,143,456
328,144,126
328,145,387
328,146,514
328,147,605
328,148,694
328,149,595
328,150,466
328,151,463
328,152,690
328,153,171
328,154,189
328,155,164
328,156,78
328,157,129
328,158,233
328,159,127
328,160,96
329,120,1
329,121,379
329,122,4114
329,123,524
329,124,234
329,125,152
329,126,624
329,127,1100
329,128,234
329,129,82
329,130,141
329,131,14013
329,132,6828
329,133,46
329,134,19
329,135,30
329,136,23
329,137,29
329,138,25
329,139,164
329,140,273
329,141,632
329,142,295
329,143,425
329,144,213
329,145,150
329,146,188
329,147,283
329,148,726
329,149,725
329,150,635
329,151,557
329,152,535
329,153,190
329,154,269
329,155,303
329,156,101
329,157,60
329,158,55
329,159,18
329,160,14
330,120,170
330,121,131
330,122,801
330,123,2919
330,124,3246
330,125,2173
330,126,1265
330,127,1570
330,128,1300
330,129,612
330,130,498
330,131,1685
330,132,1669
330,133,448
330,134,166
330,135,312
330,136,405
330,137,540
330,138,399
330,139,397
330,140,736
330,141,542
330,142,237
330,143,411
330,144,238
330,145,208
330,146,161
330,147,516
330,148,274
330,149,260
330,150,375
330,151,941
330,152,900
330,153,533
330,154,185
330,155,153
330,156,41
330,157,4
330,158,10
330,159,34
330,160,3
331,118,1
331,119,78
331,120,146
331,121,233
331,122,1345
331,123,4848
331,124,4978
331,125,3469
331,126,2848
331,127,2210
331,128,1397
331,129,1145
331,130,941
331,131,1078
331,132,698
331,133,1374
331,134,952
331,135,720
331,136,521
331,137,475
331,138,377
331,139,1099
331,140,1465
331,141,790
331,142,328
331,143,660
331,144,449
331,145,244
331,146,529
331,147,320
331,148,240
331,149,143
331,150,202
331,151,426
331,152,403
331,153,464
331,154,563
331,155,686
331,156,364
331,157,126
331,158,42
331,159,25
331,160,30
332,117,19
332,118,110
332,119,140
332,120,415
332,121,509
332,122,1631
332,123,3691
332,124,4701
332,125,4265
332,126,3067
332,127,2838
332,128,1919
332,129,1213
332,130,1363
332,131,835
332,132,483
332,133,768
332,134,556
332,135,458
332,136,495
332,137,674
332,138,647
332,139,799
332,140,977
332,141,571
332,142,424
332,143,665
332,144,348
332,145,481
332,146,487
332,147,329
332,148,392
332,149,278
332,150,338
332,151,488
332,152,487
332,153,234
332,154,153
332,155,320
332,156,437
332,157,318
332,158,262
332,159,60
332,160,14
333,114,49
333,115,17
333,116,64
333,117,121
333,118,167
333,119,113
333,120,122
333,121,274
333,122,1395
333,123,2170
333,124,3217
333,125,3256
333,126,2498
333,127,2046
333,128,1271
333,129,1509
333,130,1410
333,131,910
333,132,394
333,133,712
333,134,1157
333,135,616
333,136,629
333,137,620
333,138,469
333,139,810
333,140,825
333,141,589
333,142,591
333,143,532
333,144,1305
333,145,1715
333,146,793
333,147,210
333,148,176
333,149,141
333,150,300
333,151,555
333,152,313
333,153,185
333,154,63
333,155,81
333,156,220
333,157,138
333,158,119
333,159,160
333,160,91
334,111,1155
334,112,1387
334,113,355
334,114,198
334,115,187
334,116,221
334,117,62
334,118,95
334,119,133
334,120,163
334,121,515
334,122,577
334,123,958
334,124,1526
334,125,1291
334,126,1217
334,127,1398
334,128,1585
334,129,1189
334,130,659
334,131,1390
334,132,613
334,133,594
334,134,1168
334,135,855
334,136,374
334,137,301
334,138,704
334,139,504
334,140,526
334,141,650
334,142,677
334,143,879
334,144,1823
334,145,1044
334,146,455
334,147,325
334,148,190
334,149,119
334,150,427
334,151,695
334,152,321
334,153,291
334,154,161
334,155,134
334,156,257
334,157,230
334,158,91
334,159,45
334,160,49
335,111,242
335,112,1248
335,113,1615
335,114,754
335,115,158
335,116,136
335,117,147
335,118,158
335,119,128
335,120,213
335,121,331
335,122,722
335,123,585
335,124,643
335,125,300
335,126,666
335,127,931
335,128,1777
335,129,659
335,130,420
335,131,869
335,132,766
335,133,611
335,134,513
335,135,637
335,136,666
335,137,574
335,138,479
335,139,411
335,140,549
335,141,253
335,142,247
335,143,903
335,144,599
335,145,798
335,146,370
335,147,408
335,148,245
335,149,153
335,150,647
335,151,551
335,152,153
335,153,154
335,154,29
335,155,79
335,156,122
335,157,231
335,158,112
335,159,77
335,160,54
336,104,6
336,110,12
336,111,335
336,112,53
336,113,325
336,114,817
336,115,951
336,116,368
336,117,176
336,118,188
336,119,156
336,120,136
336,121,177
336,122,611
336,123,569
336,124,244
336,125,318
336,126,419
336,127,1528
336,128,1127
336,129,785
336,130,474
336,131,442
336,132,484
336,133,364
336,134,289
336,135,628
336,136,562
336,137,743
336,138,407
336,139,708
336,140,386
336,141,107
336,142,624
336,143,504
336,144,368
336,145,361
336,146,252
336,147,299
336,148,314
336,149,296
336,150,1063
336,151,590
336,152,315
336,153,187
336,154,88
336,155,108
336,156,57
336,157,172
336,158,176
336,159,51
336,160,50
337,103,15
337,104,62
337,105,2
337,106,4
337,107,40
337,110,32
337,111,270
337,112,43
337,113,84
337,114,413
337,115,499
337,116,1221
337,117,878
337,118,4769
337,119,311
337,120,644
337,121,495
337,122,589
337,123,367
337,124,222
337,125,635
337,126,25581
337,127,14053
337,128,3137
337,129,648
337,130,845
337,131,571
337,132,350
337,133,702
337,134,453
337,135,440
337,136,491
337,137,697
337,138,234
337,139,296
337,140,268
337,141,392
337,142,536
337,143,491
337,144,273
337,145,298
337,146,326
337,147,792
337,148,101
337,149,242
337,150,891
337,151,543
337,152,326
337,153,352
337,154,218
337,155,169
337,156,123
337,157,158
337,158,296
337,159,104
337,160,16
338,103,14
338,104,7
338,105,5
338,106,134
338,107,20
338,109,116
338,110,351
338,111,119
338,112,79
338,113,65
338,114,243
338,115,420
338,116,449
338,117,562
338,118,1830
338,119,4284
338,120,68163
338,121,1830
338,122,354
338,123,349
338,124,239
338,125,5933
338,126,22917
338,127,2070
338,128,931
338,129,1472
338,130,1030
338,131,1073
338,132,478
338,133,496
338,134,612
338,135,583
338,136,846
338,137,554
338,138,341
338,139,206
338,140,416
338,141,714
338,142,303
338,143,462
338,144,327
338,145,211
338,146,275
338,147,171
338,148,156
338,149,624
338,150,647
338,151,2049
338,152,1825
338,153,1799
338,154,460
338,155,274
338,156,228
338,157,276
338,158,354
338,159,111
338,160,53
339,100,583
339,101,4385
339,102,1583
339,103,176
339,104,22
339,105,4
339,106,24
339,107,13
339,108,28
339,109,44
339,110,37
339,111,146
339,112,176
339,113,128
339,114,193
339,115,230
339,116,271
339,117,298
339,118,254
339,119,262
339,120,543
339,121,735
339,122,903
339,123,391
339,124,380
339,125,8019
339,126,93581
339,127,7649
339,128,1781
339,129,2027
339,130,1427
339,131,1069
339,132,1095
339,133,625
339,134,936
339,135,968
339,136,1222
339,137,577
339,138,539
339,139,440
339,140,1070
339,141,492
339,142,434
339,143,460
339,144,371
339,145,312
339,146,475
339,147,264
339,148,137
339,149,532
339,150,766
339,151,448
339,152,425
339,153,265
339,154,138
339,155,131
339,156,312
339,157,250
339,158,215
339,159,191
339,160,47
340,101,36
340,102,433
340,103,1286
340,104,1143
340,105,567
340,106,408
340,107,406
340,108,314
340,109,273
340,110,321
340,111,320
340,112,355
340,113,483
340,114,662
340,115,961
340,116,789
340,117,788
340,118,726
340,119,570
340,120,622
340,121,1330
340,122,1128
340,123,890
340,124,804
340,125,730
340,126,833
340,127,1173
340,128,1299
340,129,1859
340,130,1616
340,131,1331
340,132,990
340,133,987
340,134,801
340,135,1109
340,136,977
340,137,1062
340,138,601
340,139,1348
340,140,932
340,141,400
340,142,672
340,143,480
340,144,666
340,145,585
340,146,491
340,147,500
340,148,523
340,149,939
340,150,875
340,151,542
340,152,417
340,153,359
340,154,191
340,155,199
340,156,268
340,157,169
340,158,146
340,159,224
340,160,72
341,101,332
341,102,635
341,103,516
341,104,807
341,105,1666
341,106,1680
341,107,1075
341,108,600
341,109,591
341,110,625
341,111,580
341,112,896
341,113,802
341,114,620
341,115,893
341,116,1781
341,117,514
341,118,686
341,119,683
341,120,471
341,121,921
341,122,1578
341,123,797
341,124,622
341,125,540
341,126,935
341,127,793
341,128,1073
341,129,1277
341,130,1534
341,131,859
341,132,1106
341,133,1156
341,134,1061
341,135,951
341,136,898
341,137,1076
341,138,1252
341,139,1801
341,140,531
341,141,787
341,142,2614
341,143,243
341,144,733
341,145,342
341,146,580
341,147,557
341,148,402
341,149,913
341,150,799
341,151,641
341,152,449
341,153,546
341,154,286
341,155,203
341,156,208
341,157,49
341,158,37
341,159,51
341,160,31
342,101,1398
342,102,35
342,103,8
342,104,58
342,105,100
342,106,196
342,107,1050
342,108,1593
342,109,1348
342,110,691
342,111,453
342,112,217
342,113,4247
342,114,6840
342,115,516
342,116,609
342,117,615
342,118,684
342,119,816
342,120,830
342,121,996
342,122,1261
342,123,964
342,124,1103
342,125,1077
342,126,1426
342,127,1333
342,128,1223
342,129,1498
342,130,1246
342,131,1549
342,132,1159
342,133,1338
342,134,1377
342,135,1328
342,136,852
342,137,1747
342,138,1835
342,139,912
342,140,887
342,141,791
342,142,293
342,143,316
342,144,636
342,145,387
342,146,370
342,147,411
342,148,562
342,149,1045
342,150,715
342,151,343
342,152,407
342,153,485
342,154,393
342,155,332
342,156,188
342,157,167
342,158,145
342,159,57
342,160,36
343,101,310
343,105,15
343,106,64
343,107,46
343,108,514
343,109,1708
343,110,2706
343,111,2627
343,112,2047
343,113,987
343,114,1346
343,115,512
343,116,686
343,117,809
343,118,22151
343,119,630
343,120,622
343,121,1016
343,122,1368
343,123,1720
343,124,1382
343,125,1528
343,126,1103
343,127,968
343,128,1090
343,129,1145
343,130,1890
343,131,4609
343,132,1701
343,133,2000
343,134,1890
343,135,1505
343,136,1383
343,137,2223
343,138,1480
343,139,979
343,140,1360
343,141,1160
343,142,698
343,143,508
343,144,907
343,145,387
343,146,151
343,147,401
343,148,1087
343,149,726
343,150,530
343,151,598
343,152,497
343,153,424
343,154,232
343,155,125
343,156,235
343,157,294
343,158,125
343,159,108
343,160,61
344,105,2
344,106,33
344,107,81
344,108,2738
344,109,2830
344,110,2103
344,111,2600
344,112,3359
344,113,3567
344,114,3102
344,115,2565
344,116,1687
344,117,1069
344,118,726
344,119,572
344,120,601
344,121,708
344,122,1340
344,123,1316
344,124,1542
344,125,1778
344,126,1816
344,127,1248
344,128,1377
344,129,1543
344,130,1510
344,131,1677
344,132,2495
344,133,3221
344,134,2534
344,135,1535
344,136,2484
344,137,1911
344,138,1579
344,139,1521
344,140,1202
344,141,724
344,142,687
344,143,442
344,144,503
344,145,374
344,146,254
344,147,480
344,148,1382
344,149,787
344,150,630
344,151,1235
344,152,459
344,153,354
344,154,101
344,155,154
344,156,203
344,157,131
344,158,95
344,159,151
344,160,25
345,106,14
345,107,94
345,108,3378
345,109,37
345,110,30
345,111,194
345,112,667
345,113,1445
345,114,2350
345,115,3217
345,116,3242
345,117,2299
345,118,1950
345,119,1373
345,120,1058
345,121,999
345,122,1092
345,123,793
345,124,1025
345,125,1123
345,126,2285
345,127,1954
345,128,1634
345,129,1649
345,130,1225
345,131,1572
345,132,2981
345,133,6136
345,134,2742
345,135,2011
345,136,1991
345,137,1505
345,138,1637
345,139,1863
345,140,1207
345,141,1064
345,142,756
345,143,594
345,144,653
345,145,635
345,146,592
345,147,528
345,148,1424
345,149,917
345,150,679
345,151,549
345,152,634
345,153,393
345,154,311
345,155,151
345,156,195
345,157,202
345,158,76
345,159,238
345,160,63
346,107,1042
346,108,6632
346,109,575
346,112,10
346,113,22
346,114,167
346,115,870
346,116,2008
346,117,3175
346,118,2831
346,119,2606
346,120,2204
346,121,2000
346,122,1355
346,123,1605
346,124,1391
346,125,1454
346,126,1127
346,127,1114
346,128,1265
346,129,1597
346,130,1960
346,131,2622
346,132,3350
346,133,2393
346,134,3291
346,135,2601
346,136,1587
346,137,1931
346,138,1735
346,139,1580
346,140,1674
346,141,1389
346,142,899
346,143,875
346,144,787
346,145,933
346,146,695
346,147,814
346,148,1686
346,149,1262
346,150,603
346,151,426
346,152,794
346,153,642
346,154,363
346,155,202
346,156,207
346,157,392
346,158,226
346,159,155
346,160,47
347,107,1155
347,108,228
347,109,7
347,115,9
347,116,58
347,117,731
347,118,2264
347,119,2222
347,120,2277
347,121,2984
347,122,1985
347,123,2737
347,124,1412
347,125,1409
347,126,1098
347,127,1503
347,128,2275
347,129,3463
347,130,4480
347,131,3049
347,132,2124
347,133,2686
347,134,2872
347,135,6028
347,136,2293
347,137,1545
347,138,1540
347,139,1499
347,140,2179
347,141,1655
347,142,1835
347,143,1563
347,144,1090
347,145,921
347,146,898
347,147,1213
347,148,1337
347,149,1141
347,150,408
347,151,337
347,152,1001
347,153,545
347,154,680
347,155,309
347,156,398
347,157,353
347,158,183
347,159,74
347,160,76
348,109,5
348,110,6
348,116,4
348,117,42
348,118,902
348,119,1723
348,120,1898
348,121,2672
348,122,2070
348,123,1849
348,124,1915
348,125,2030
348,126,1542
348,127,1419
348,128,1885
348,129,1783
348,130,1965
348,131,3499
348,132,4038
348,133,3603
348,134,2618
348,135,2085
348,136,2458
348,137,2203
348,138,1815
348,139,2025
348,140,2505
348,141,2124
348,142,2058
348,143,2140
348,144,1305
348,145,1289
348,146,1299
348,147,1425
348,148,972
348,149,1304
348,150,738
348,151,778
348,152,977
348,153,426
348,154,431
348,155,607
348,156,564
348,157,537
348,158,355
348,159,204
348,160,168
349,110,10
349,111,39
349,112,20
349,116,99
349,117,32
349,118,1079
349,119,1826
349,120,1696
349,121,2596
349,122,1537
349,123,794
349,124,2228
349,125,2878
349,126,2781
349,127,2094
349,128,4971
349,129,3333
349,130,4561
349,131,3247
349,132,1735
349,133,1519
349,134,1696
349,135,1984
349,136,2217
349,137,1970
349,138,2009
349,139,2083
349,140,2133
349,141,3240
349,142,4008
349,143,2369
349,144,2467
349,145,1819
349,146,1666
349,147,1642
349,148,821
349,149,1314
349,150,1029
349,151,1058
349,152,1427
349,153,2515
349,154,821
349,155,750
349,156,666
349,157,630
349,158,810
349,159,273
349,160,111
350,112,32
350,113,4
350,115,20
350,116,39
350,117,196
350,118,1367
350,119,1904
350,120,2108
350,121,2059
350,122,1262
350,123,1185
350,124,1061
350,125,1602
350,126,2427
350,127,3471
350,128,5259
350,129,6018
350,130,4724
350,131,4233
350,132,3121
350,133,1328
350,134,1107
350,135,2481
350,136,2627
350,137,2491
350,138,2455
350,139,2178
350,140,2400
350,141,4840
350,142,4395
350,143,6069
350,144,4333
350,145,5646
350,146,4584
350,147,3335
350,148,2405
350,149,1785
350,150,1487
350,151,951
350,152,944
350,153,1258
350,154,1019
350,155,949
350,156,1171
350,157,1157
350,158,1103
350,159,405
350,160,177
351,112,38
351,113,6
351,114,25
351,115,30
351,116,68
351,117,636
351,118,1511
351,119,2063
351,120,2294
351,121,2031
351,122,1010
351,123,880
351,124,1308
351,125,1604
351,126,3763
351,127,3749
351,128,7066
351,129,5142
351,130,4153
351,131,4047
351,132,2094
351,133,2644
351,134,2051
351,135,2785
351,136,3375
351,137,8307
351,138,7514
351,139,5013
351,140,7145
351,141,4118
351,142,3551
351,143,6638
351,144,6358
351,145,4827
351,146,2766
351,147,2207
351,148,1612
351,149,1428
351,150,1464
351,151,968
351,152,1664
351,153,1600
351,154,1507
351,155,1503
351,156,1607
351,157,1275
351,158,989
351,159,532
351,160,228
352,111,40
352,112,18
352,113,79
352,114,38
352,115,40
352,116,507
352,117,699
352,118,1306
352,119,1977
352,120,2637
352,121,1912
352,122,1717
352,123,2146
352,124,1677
352,125,2599
352,126,6339
352,127,9812
352,128,13065
352,129,9883
352,130,3238
352,131,1911
352,132,2766
352,133,5914
352,134,5004
352,135,9108
352,136,9341
352,137,12698
352,138,11165
352,139,6951
352,140,12165
352,141,10562
352,142,11058
352,143,5233
352,144,4074
352,145,3393
352,146,3246
352,147,3816
352,148,2009
352,149,2115
352,150,2405
352,151,2130
352,152,1695
352,153,1927
352,154,2723
352,155,2265
352,156,1861
352,157,1774
352,158,1655
352,159,666
352,160,212
353,111,18
353,112,96
353,113,63
353,114,49
353,115,457
353,116,582
353,117,998
353,118,1675
353,119,2151
353,120,2916
353,121,1858
353,122,1920
353,123,2704
353,124,2431
353,125,2643
353,126,6117
353,127,25491
353,128,7570
353,129,7231
353,130,4986
353,131,1905
353,132,2691
353,133,3350
353,134,4434
353,135,6275
353,136,10940
353,137,9956
353,138,12599
353,139,14572
353,140,15507
353,141,15942
353,142,10642
353,143,8104
353,144,7726
353,145,8310
353,146,7539
353,147,5030
353,148,4239
353,149,4384
353,150,3560
353,151,3766
353,152,3891
353,153,2932
353,154,2079
353,155,2078
353,156,2039
353,157,1293
353,158,996
353,159,448
353,160,267
354,110,318
354,111,335
354,112,364
354,113,2496
354,114,458
354,115,763
354,116,530
354,117,1614
354,118,2170
354,119,2637
354,120,2636
354,121,1633
354,122,2087
354,123,5608
354,124,11443
354,125,15596
354,126,44159
354,127,36363
354,128,22160
354,129,9934
354,130,4969
354,131,3698
354,132,2705
354,133,3124
354,134,4643
354,135,13167
354,136,4369
354,137,5383
354,138,6374
354,139,7419
354,140,6219
354,141,8177
354,142,13641
354,143,11924
354,144,11018
354,145,12155
354,146,17528
354,147,13039
354,148,9472
354,149,7082
354,150,7011
354,151,5912
354,152,4445
354,153,3620
354,154,2915
354,155,3662
354,156,4368
354,157,3748
354,158,2202
354,159,1555
354,160,824
355,110,155
355,111,331
355,112,251
355,113,308
355,114,595
355,115,336
355,116,540
355,117,2111
355,118,2098
355,119,2808
355,120,2516
355,121,2011
355,122,18053
355,123,36546
355,124,27702
355,125,29742
355,126,40103
355,127,15753
355,128,5002
355,129,5389
355,130,4710
355,131,6678
355,132,5434
355,133,8374
355,134,16102
355,135,16961
355,136,15114
355,137,15390
355,138,11092
355,139,6946
355,140,7702
355,141,9180
355,142,13420
355,143,26383
355,144,23853
355,145,18887
355,146,21301
355,147,21889
355,148,13434
355,149,10628
355,150,13525
355,151,6676
355,152,7776
355,153,7103
355,154,7326
355,155,6157
355,156,5810
355,157,5486
355,158,4233
355,159,2835
355,160,1198
356,110,34
356,111,409
356,112,526
356,113,727
356,114,534
356,115,435
356,116,792
356,117,2374
356,118,2391
356,119,3973
356,120,3060
356,121,11708
356,122,16353
356,123,12895
356,124,13654
356,125,14238
356,126,11935
356,127,22101
356,128,4813
356,129,7480
356,130,8204
356,131,5949
356,132,4265
356,133,4546
356,134,3628
356,135,3447
356,136,4568
356,137,6592
356,138,5261
356,139,6907
356,140,9896
356,141,12333
356,142,16609
356,143,31093
356,144,50028
356,145,48622
356,146,51959
356,147,52937
356,148,36512
356,149,25026
356,150,29619
356,151,21148
356,152,20893
356,153,15293
356,154,11402
356,155,9208
356,156,7479
356,157,5310
356,158,3260
356,159,2240
356,160,1275
357,107,108
357,108,1168
357,109,1054
357,110,197
357,111,787
357,112,822
357,113,831
357,114,373
357,115,483
357,116,1735
357,117,2484
357,118,2693
357,119,4625
357,120,3413
357,121,7836
357,122,13482
357,123,11408
357,124,9020
357,125,14467
357,126,23157
357,127,27759
357,128,13064
357,129,6302
357,130,2970
357,131,2919
357,132,2529
357,133,3626
357,134,4993
357,135,9442
357,136,14252
357,137,11181
357,138,6563
357,139,8801
357,140,13208
357,141,17585
357,142,35739
357,143,89726
357,144,118631
357,145,200294
357,146,268977
357,147,185307
357,148,148224
357,149,75052
357,150,51790
357,151,37131
357,152,27602
357,153,19415
357,154,13601
357,155,10201
357,156,8637
357,157,6932
357,158,3359
357,159,2103
357,160,1002
358,105,14
358,106,35857
358,107,25557
358,108,8782
358,109,6974
358,110,4673
358,111,2949
358,112,2038
358,113,1226
358,114,1050
358,115,1588
358,116,3732
358,117,3141
358,118,5503
358,119,6040
358,120,5633
358,121,15734
358,122,5907
358,123,4723
358,124,4112
358,125,13158
358,126,12137
358,127,4730
358,128,20600
358,129,2392
358,130,2427
358,131,2893
358,132,2877
358,133,3650
358,134,4841
358,135,6453
358,136,4349
358,137,5596
358,138,8529
358,139,11249
358,140,20365
358,141,57952
358,142,80477
358,143,39592
358,144,47324
358,145,1470207
358,146,1068290
358,147,471918
358,148,419662
358,149,149277
358,150,64815
358,151,43096
358,152,31824
358,153,22310
358,154,16814
358,155,13393
358,156,12222
358,157,10813
358,158,7036
358,159,4825
358,160,2420
359,105,47
359,106,251
359,107,4783
359,108,2182
359,109,2348
359,110,2556
359,111,2752
359,112,2259
359,113,2336
359,114,1683
359,115,4730
359,116,4913
359,117,3076
359,118,5468
359,119,5421
359,120,4793
359,121,7943
359,122,3811
359,123,3894
359,124,8403
359,125,8842
359,126,4236
359,127,1823
359,128,11351
359,129,2918
359,130,2703
359,131,3150
359,132,6759
359,133,5544
359,134,3421
359,135,4505
359,136,5379
359,137,8821
359,138,15342
359,139,36532
359,140,49463
359,141,39339
359,142,79939
359,143,254976
359,144,406795
359,145,665585
359,146,445690
359,147,276011
359,148,772989
359,149,139061
359,150,66658
359,151,45307
359,152,33046
359,153,27442
359,154,24351
359,155,22091
359,156,19839
359,157,16911
359,158,10920
359,159,7406
359,160,3835
360,105,570
360,106,3615
360,107,1528
360,108,3132
360,109,884
360,110,425
360,111,588
360,112,707
360,113,956
360,114,746
360,115,2164
360,116,4496
360,117,2571
360,118,8320
360,119,9608
360,120,11564
360,121,11781
360,122,9591
360,123,7850
360,124,8898
360,125,4555
360,126,3129
360,127,2928
360,128,5833
360,129,11145
360,130,4636
360,131,17865
360,132,17515
360,133,5112
360,134,4166
360,135,5654
360,136,7622
360,137,21154
360,138,30973
360,139,19922
360,140,20537
360,141,20806
360,142,39218
360,143,217671
360,144,424501
360,145,209007
360,146,188848
360,147,202227
360,148,173025
360,149,101564
360,150,57517
360,151,45851
360,152,38587
360,153,35105
360,154,31505
360,155,23371
360,156,20042
360,157,16406
360,158,12644
360,159,9283
360,160,4776
361,104,3
361,105,89
361,106,357
361,107,755
361,108,2891
361,109,1433
361,110,632
361,111,598
361,112,1061
361,113,2373
361,114,619
361,115,3135
361,116,3605
361,117,3484
361,118,8979
361,119,11172
361,120,7287
361,121,7779
361,122,6189
361,123,7853
361,124,4946
361,125,5065
361,126,3818
361,127,3255
361,128,3806
361,129,10878
361,130,11996
361,131,13573
361,132,9031
361,133,7318
361,134,6524
361,135,14693
361,136,20060
361,137,10111
361,138,10259
361,139,11844
361,140,14828
361,141,38601
361,142,75112
361,143,99561
361,144,110726
361,145,89961
361,146,107755
361,147,128558
361,148,102779
361,149,83905
361,150,55447
361,151,43012
361,152,33422
361,153,28764
361,154,28706
361,155,25380
361,156,23571
361,157,17661
361,158,11856
361,159,6395
361,160,2735
362,106,94
362,107,195
362,108,440
362,109,1316
362,110,919
362,111,3612
362,112,1967
362,113,2716
362,114,3292
362,115,5583
362,116,4926
362,117,8601
362,118,15861
362,119,25238
362,120,14915
362,121,9565
362,122,9758
362,123,6512
362,124,1453
362,125,1491
362,126,1356
362,127,2050
362,128,2691
362,129,4869
362,130,8793
362,131,10409
362,132,8805
362,133,11751
362,134,13603
362,135,6861
362,136,3674
362,137,8770
362,138,13254
362,139,28885
362,140,44712
362,141,55282
362,142,57987
362,143,70638
362,144,75253
362,145,75021
362,146,83845
362,147,82548
362,148,82521
362,149,67582
362,150,65993
362,151,56943
362,152,39840
362,153,37675
362,154,27638
362,155,20895
362,156,15759
362,157,12213
362,158,8576
362,159,5413
362,160,2417
363,105,14
363,106,22
363,107,44
363,108,318
363,109,418
363,110,901
363,111,1943
363,112,1332
363,113,2457
363,114,808
363,115,2326
363,116,1429
363,117,3837
363,118,9889
363,119,7983
363,120,4672
363,121,7165
363,122,4950
363,123,2507
363,124,790
363,125,775
363,126,951
363,127,1576
363,128,1362
363,129,1604
363,130,7577
363,131,5601
363,132,8002
363,133,4782
363,134,1575
363,135,2028
363,136,11075
363,137,16224
363,138,21566
363,139,27255
363,140,31630
363,141,39259
363,142,42872
363,143,44888
363,144,46268
363,145,46519
363,146,52445
363,147,51563
363,148,53173
363,149,50737
363,150,38155
363,151,32890
363,152,30764
363,153,18567
363,154,12460
363,155,10715
363,156,9376
363,157,6268
363,158,5046
363,159,1818
363,160,221
364,107,50
364,108,72
364,109,105
364,110,643
364,111,1268
364,112,1297
364,113,781
364,114,1644
364,115,2050
364,116,1250
364,117,1917
364,118,2374
364,119,1642
364,120,2661
364,121,3199
364,122,1279
364,123,1497
364,124,890
364,125,791
364,126,1171
364,127,1660
364,128,2164
364,129,5338
364,130,8967
364,131,8424
364,132,2544
364,133,3183
364,134,6773
364,135,11670
364,136,18611
364,137,22103
364,138,27964
364,139,33296
364,140,41727
364,141,40411
364,142,44737
364,143,57241
364,144,64590
364,145,64196
364,146,56930
364,147,36394
364,148,23405
364,149,26061
364,150,25410
364,151,29598
364,152,44533
364,153,21179
364,154,13892
364,155,9779
364,156,7846
364,157,5397
364,158,4476
364,159,1399
365,108,17
365,109,151
365,110,340
365,111,1366
365,112,1366
365,113,642
365,114,3741
365,115,3384
365,116,2724
365,117,1780
365,118,2468
365,119,4330
365,120,4619
365,121,1769
365,122,1186
365,123,950
365,124,1128
365,125,1473
365,126,2282
365,127,5850
365,128,9219
365,129,7876
365,130,4719
365,131,9816
365,132,11598
365,133,15158
365,134,17825
365,135,26890
365,136,27068
365,137,28375
365,138,35647
365,139,46986
365,140,49682
365,141,50520
365,142,49123
365,143,39353
365,144,22156
365,145,9866
365,146,14781
365,147,11341
365,148,14592
365,149,20617
365,150,33769
365,151,54241
365,152,39080
365,153,23184
365,154,14751
365,155,11535
365,156,8655
365,157,5332
365,158,4330
365,159,1283
366,109,51
366,110,322
366,111,798
366,112,1410
366,113,839
366,114,3542
366,115,4801
366,116,5039
366,117,3156
366,118,3970
366,119,3743
366,120,2552
366,121,1356
366,122,1446
366,123,1424
366,124,2836
366,125,6819
366,126,10350
366,127,11757
366,128,8515
366,129,11855
366,130,20284
366,131,25765
366,132,30339
366,133,30601
366,134,34749
366,135,32371
366,136,33928
366,137,36933
366,138,35015
366,139,27318
366,140,21810
366,141,17077
366,142,20691
366,143,21958
366,144,29739
366,145,33312
366,146,27130
366,147,28936
366,148,27749
366,149,16712
366,150,9340
366,151,26783
366,152,24211
366,153,11720
366,154,9977
366,155,5149
366,156,3164
366,157,1434
366,158,637
366,159,180
367,103,6427
367,104,10371
367,105,2617
367,110,2441
367,111,663
367,112,1392
367,113,1211
367,114,3631
367,115,3938
367,116,5335
367,117,9938
367,118,10048
367,119,2092
367,120,20964
367,121,1813
367,122,2771
367,123,8622
367,124,23839
367,125,28854
367,126,27509
367,127,29953
367,128,31627
367,129,35089
367,130,34506
367,131,35076
367,132,38833
367,133,32540
367,134,27486
367,135,24126
367,136,16512
367,137,13750
367,138,18696
367,139,23147
367,140,25038
367,141,30459
367,142,46419
367,143,40201
367,144,23172
367,145,7496
367,146,1092
367,147,366
367,148,1369
367,149,41
367,150,6
367,151,3431
367,152,16548
367,153,12019
367,154,8612
367,155,8182
367,156,4179
367,157,2603
367,158,939
367,159,171
368,102,6904
368,103,75609
368,104,26166
368,105,1477
368,106,381
368,110,228
368,111,802
368,112,1573
368,113,2875
368,114,3434
368,115,3002
368,116,4296
368,117,13202
368,118,4371
368,119,5855
368,120,1936
368,121,6896
368,122,17510
368,123,25633
368,124,29833
368,125,38541
368,126,49280
368,127,47166
368,128,45077
368,129,41117
368,130,31809
368,131,23496
368,132,17614
368,133,16437
368,134,11411
368,135,12840
368,136,18400
368,137,18981
368,138,19288
368,139,23331
368,140,35333
368,141,48720
368,142,18646
368,143,26978
368,144,3927
368,151,3122
368,152,8843
368,153,14420
368,154,10902
368,155,7351
368,156,6077
368,157,4174
368,158,2215
368,159,304
369,102,4217
369,103,4165
369,104,6500
369,105,4354
369,106,225
369,107,63
369,108,13
369,110,5
369,111,620
369,112,1547
369,113,3254
369,114,4479
369,115,4250
369,116,4785
369,117,3765
369,118,6108
369,119,15294
369,120,26898
369,121,36256
369,122,46539
369,123,52227
369,124,52393
369,125,48028
369,126,37209
369,127,32090
369,128,21522
369,129,16632
369,130,16187
369,131,13720
369,132,10875
369,133,14368
369,134,10879
369,135,9593
369,136,14618
369,137,27968
369,138,36115
369,139,47764
369,140,40778
369,141,33454
369,142,33257
369,143,7048
369,144,4
369,151,527
369,152,10477
369,153,17435
369,154,16977
369,155,8664
369,156,8093
369,157,5588
369,158,2847
369,159,767
370,102,280
370,103,1577
370,104,4232
370,105,2565
370,106,3026
370,107,227
370,108,217
370,109,126
370,110,963
370,111,3358
370,112,5251
370,113,7263
370,114,3891
370,115,5253
370,116,4522
370,117,14230
370,118,33154
370,119,55108
370,120,63290
370,121,51672
370,122,46690
370,123,30617
370,124,18891
370,125,13247
370,126,15956
370,127,25440
370,128,19693
370,129,13088
370,130,8192
370,131,8821
370,132,8899
370,133,8088
370,134,12355
370,135,13131
370,136,16167
370,137,15268
370,138,22613
370,139,31907
370,140,21994
370,141,8418
370,142,18400
370,152,13079
370,153,21264
370,154,20927
370,155,9895
370,156,12931
370,157,9332
370,158,5276
370,159,1033
371,102,1
371,103,856
371,104,2723
371,105,613
371,106,1920
371,107,2287
371,108,757
371,109,1174
371,110,2068
371,111,2503
371,112,2759
371,113,6279
371,114,7737
371,115,23543
371,116,51488
371,117,70518
371,118,72511
371,119,54245
371,120,30799
371,121,11776
371,122,10371
371,123,16009
371,124,14359
371,125,13659
371,126,15071
371,127,4513
371,128,3320
371,129,7435
371,130,12253
371,131,9363
371,132,8542
371,133,8688
371,134,11698
371,135,5795
371,136,3535
371,137,908
371,138,151
371,140,3
371,151,2829
371,152,84077
371,153,49800
371,154,21298
371,155,24588
371,156,22934
371,157,14862
371,158,7051
371,159,1109
372,100,166
372,101,152
372,102,217
372,103,1966
372,104,1582
372,105,715
372,106,417
372,107,1949
372,108,2946
372,109,1541
372,110,1072
372,111,880
372,112,4359
372,113,44740
372,114,64251
372,115,69791
372,116,69433
372,117,44653
372,118,20337
372,119,14460
372,120,14470
372,121,13286
372,122,4617
372,123,4541
372,124,19840
372,125,13158
372,126,13563
372,127,14028
372,128,17570
372,129,11280
372,130,15771
372,131,10321
372,132,9400
372,133,9604
372,134,4951
372,135,3936
372,136,68
372,151,29230
372,152,116730
372,153,29874
372,154,17542
372,155,29553
372,156,26653
372,157,13643
372,158,6632
372,159,1440
372,99,203
373,100,263
373,101,318
373,102,616
373,103,2037
373,104,706
373,105,1070
373,106,541
373,107,736
373,108,2316
373,109,4321
373,110,23129
373,111,58892
373,112,61565
373,113,63520
373,114,54315
373,115,33119
373,116,18428
373,117,12141
373,118,7501
373,119,5848
373,120,4796
373,121,7038
373,122,4417
373,123,4933
373,124,15723
373,125,23052
373,126,25762
373,127,28129
373,128,28218
373,129,27958
373,130,14755
373,131,15269
373,132,8540
373,133,1097
373,134,20
373,150,3
373,151,6512
373,152,27938
373,153,16008
373,154,14703
373,155,13214
373,156,9879
373,157,9724
373,158,5417
373,159,1453
373,99,124
374,100,441
374,101,354
374,102,527
374,103,1642
374,104,1450
374,105,9201
374,106,21306
374,107,28845
374,108,37495
374,109,50928
374,110,55048
374,111,42228
374,112,48002
374,113,15671
374,114,6326
374,115,6742
374,116,6559
374,117,5528
374,118,4359
374,119,4643
374,120,4793
374,121,7152
374,122,7266
374,123,6725
374,124,12904
374,125,12733
374,126,13475
374,127,17276
374,128,21732
374,129,20991
374,130,20330
374,131,6867
374,132,90
374,150,6635
374,151,18626
374,152,10043
374,153,14173
374,154,8286
374,155,9265
374,156,7740
374,157,5259
374,158,3765
374,159,907
374,99,122
375,100,19011
375,101,18833
375,102,19681
375,103,20638
375,104,24177
375,105,27548
375,106,23301
375,107,24260
375,108,25994
375,109,24915
375,110,15250
375,111,5852
375,112,5259
375,113,3976
375,114,3539
375,115,3037
375,116,3427
375,117,5515
375,118,6086
375,119,7486
375,120,7608
375,121,7377
375,122,11415
375,123,6503
375,124,6163
375,125,5628
375,126,1929
375,127,2567
375,128,3199
375,129,1203
375,130,2055
375,150,32
375,151,3070
375,152,8993
375,153,9742
375,154,9202
375,155,4583
375,156,3484
375,157,4981
375,158,4147
375,159,773
375,99,5604
376,100,171
376,101,1306
376,102,11594
376,103,16960
376,104,16304
376,105,10062
376,106,6721
376,107,5416
376,108,4688
376,109,2263
376,110,1877
376,111,1959
376,112,1923
376,113,2892
376,114,2757
376,115,1643
376,116,2617
376,117,4310
376,118,5584
376,119,7790
376,120,7790
376,121,4572
376,122,4623
376,123,1989
376,124,1760
376,125,2202
376,126,19
376,151,154
376,152,5307
376,153,5352
376,154,6465
376,155,6910
376,156,4611
376,157,3152
376,158,6290
376,159,1171
376,99,67
377,100,440
377,101,826
377,102,1375
377,103,1425
377,104,943
377,105,579
377,106,507
377,107,381
377,108,232
377,109,125
377,110,238
377,111,306
377,112,344
377,113,589
377,114,727
377,115,717
377,116,1602
377,117,1955
377,118,2024
377,119,2314
377,120,1461
377,121,1044
377,122,1013
377,123,823
377,124,219
377,152,1641
377,153,3183
377,154,2696
377,155,2488
377,156,1602
377,157,1763
377,158,1283
377,159,743
377,99,81
