row,col,value
324,155,0.00327686499024
324,154,0.0063124104657
324,157,0.000577896732775
324,156,0.00145426760226
324,151,0.00901137872316
324,150,0.00374680299272
324,153,0.011157852302
324,152,0.0295616405612
333,155,0.000438185434742
333,154,0.000558845192134
333,157,0.00100973165397
333,156,0.0015812778732
324,159,6.35051354698e-05
324,158,0.000381030812819
333,153,0.000952577032047
333,152,0.0017844943067
333,159,0.00111769038427
333,158,0.00100973165397
331,135,0.0042040399681
331,134,0.00569006013809
331,137,0.00219727768725
331,136,0.00274342185229
331,131,0.00737929674159
331,130,0.00675059590044
331,133,0.00852873969359
331,132,0.00387381326366
331,139,0.00513121494596
331,138,0.00166383454931
344,108,0.0173496030103
344,109,0.0166764485744
344,105,6.35051354698e-06
344,106,0.000190515406409
344,107,0.00048263902957
360,139,0.105958318531
360,138,0.169342794244
360,137,0.104535803497
333,151,0.00382935966883
360,135,0.0244304256152
360,134,0.0169939742517
360,133,0.0147014388613
360,132,0.0153682427837
360,131,0.0183402831237
333,150,0.00182259738798
352,118,0.00829377069235
352,119,0.0115769861961
352,116,0.00298474136708
352,117,0.00379125658755
352,115,0.000215917460597
352,112,0.000120659757393
352,113,5.71546219228e-05
352,111,0.000260371055426
357,140,0.060221919966
357,141,0.0720973802989
357,142,0.142029235478
357,143,0.38799732618
357,144,0.450403822806
357,145,0.82516032824
357,146,0.864838336882
357,147,0.384942729164
357,148,0.41476474078
357,149,0.288484778899
353,139,0.014187047264
353,138,0.0149173563219
353,135,0.0145299749955
353,134,0.00874465715419
353,137,0.018657808801
353,136,0.0188102211262
353,131,0.00659818357531
353,130,0.0129486971223
353,133,0.0033657721799
353,132,0.0048390913228
327,152,0.00416593688682
327,153,0.00128280373649
327,150,0.00267991671683
327,151,0.00292758674516
327,156,0.00148602016999
327,157,0.00119389654683
327,154,0.00121294808747
327,155,0.000895422410124
327,158,0.00123835014166
327,159,0.00155587581901
348,109,9.52577032047e-05
374,130,0.000863669842389
374,131,0.000361979272178
330,138,0.00258465901362
330,139,0.00238144258012
330,134,0.00120024706038
330,135,0.00242589617495
330,136,0.00330861755798
330,137,0.00359439066759
330,130,0.00415958637327
330,131,0.010065563972
330,132,0.0104275432441
330,133,0.00341022577473
336,150,0.00498515313438
336,151,0.00355628758631
367,105,0.00040008235346
367,104,0.0114499759252
367,103,0.0416784204088
342,124,0.00523917367626
342,125,0.0049470500531
342,126,0.00541063754203
342,127,0.00596313222061
342,120,0.00497245210728
342,121,0.00678234846817
342,122,0.0089351725606
342,123,0.00542968908267
342,128,0.00638861662826
342,129,0.00770317293249
354,118,0.0131646145829
354,119,0.0143013565078
334,158,0.000539793651493
334,159,0.000488989543117
362,116,0.00311175163802
345,130,0.00553129729942
345,131,0.00565830757036
345,132,0.00931620337342
345,133,0.0102814814326
345,134,0.0114753779794
345,135,0.0102370278377
345,136,0.00960832699658
345,137,0.00656643100758
345,138,0.00667438973787
345,139,0.00984329599782
354,112,0.000228618487691
369,151,0.000133360784487
369,152,0.00607109095091
354,113,0.000469938002476
369,154,0.0758505338051
369,155,0.0352389996722
369,156,0.0337593300157
369,157,0.0286281150698
369,158,0.0167907578182
354,114,0.00217187563307
354,115,0.00332766909862
354,116,0.00248305079687
360,136,0.0332131858507
354,117,0.00880816228966
341,101,0.00212742203824
358,159,0.0445996566404
341,103,0.00348643193729
341,102,0.00399447302105
341,105,0.0105355019744
341,104,0.00532808086592
341,107,0.00681410103591
341,106,0.0114055223304
341,109,0.00401987507524
341,108,0.00401352456169
358,152,0.163030383778
358,153,0.111000626288
358,154,0.0969532903217
358,155,0.087668839516
358,156,0.0857954380197
358,157,0.0883673960062
362,157,0.0938859922785
362,156,0.102922773056
362,155,0.123650849273
362,154,0.151243830635
362,153,0.187505262988
362,152,0.232847929714
362,151,0.299642631201
362,150,0.369980919247
373,100,0.00149872119709
362,159,0.0498134282625
362,158,0.0787273164419
373,101,0.00238779309366
373,106,0.00133995835841
373,107,0.00151142222418
349,138,0.00795719347436
349,139,0.00692205976621
349,134,0.00657278152112
349,135,0.00699826592877
349,136,0.00855414174778
349,137,0.010275130919
349,130,0.00517566854079
349,131,0.00733484314676
349,132,0.00916379104829
349,133,0.00870020355936
332,160,0.000146061811581
375,119,0.0202263856471
375,118,0.0111388007614
375,113,0.010065563972
375,112,0.0170447783601
375,111,0.0202327361607
375,110,0.0677282269785
375,117,0.00575356527356
375,116,0.00454061718609
375,115,0.0066235856295
375,114,0.00759521420219
366,128,0.0235413537187
359,136,0.0234333949884
366,126,0.0283042388789
366,127,0.0272754556843
366,124,0.0055694003807
366,125,0.0171781391446
366,122,0.00173369019833
366,123,0.00233698898529
366,120,0.00201311279439
366,121,0.000749360598544
333,148,0.000635051354698
333,149,0.000330226704443
333,142,0.00170193763059
333,143,0.0020956694705
324,148,5.71546219228e-05
324,149,0.00107958730299
333,146,0.00217187563307
333,147,0.0010414842217
333,144,0.00298474136708
333,145,0.00387381326366
356,118,0.0133614805028
356,119,0.0188419736939
356,112,0.00216552511952
356,113,0.00471208105186
356,110,5.71546219228e-05
356,111,0.00114309243846
356,116,0.00455331821318
356,117,0.0128851919868
356,114,0.00328956601734
356,115,0.0023115869311
331,122,0.00756346163445
331,123,0.0233508383122
331,120,0.00048263902957
331,121,0.00140981400743
331,126,0.0145553770497
331,127,0.0123517488489
331,124,0.023998590694
331,125,0.0174321596865
331,128,0.00707447209133
331,129,0.00690300822557
344,139,0.00774127601377
344,138,0.00883356434385
340,160,0.000190515406409
344,131,0.00836362634137
344,130,0.00754441009381
344,133,0.00907488385863
344,132,0.00920824464312
344,135,0.0076777708783
344,134,0.00750630701253
344,137,0.00845888404458
344,136,0.0125295632282
360,128,0.0338418866919
360,129,0.0667883509736
360,124,0.0257449819195
360,125,0.0148347996457
360,126,0.0102243268106
360,127,0.00793179142018
360,120,0.0232428795819
360,121,0.0277326926597
360,122,0.0205439113245
360,123,0.0333020930404
352,160,0.00233698898529
376,99,0.0289456407471
353,128,0.0136917072073
353,129,0.0178068399857
353,122,0.00551859627232
353,123,0.00485179234989
353,120,0.0151332737825
353,121,0.00925269823795
353,126,0.00349913296439
353,127,0.00704907003715
353,124,0.00422309150874
353,125,0.00444535948289
348,135,0.00716972979454
348,134,0.0111197492208
348,137,0.0112594605188
348,136,0.0121612334425
348,131,0.00794449244727
348,130,0.00583612194967
348,133,0.011564285169
348,132,0.00943686313081
348,139,0.00987504856555
348,138,0.00920824464312
374,99,0.000241319514785
376,107,0.0368329785725
376,106,0.0430310797943
376,105,0.0597265799093
376,104,0.0988584443858
376,103,0.104072216008
376,102,0.0977471045151
376,101,0.0899105707981
376,100,0.0899994779878
376,109,0.00999570832294
376,108,0.0271230433591
339,159,0.000800164706919
339,158,0.00133360784487
339,157,0.00153682427837
339,156,0.00208931895696
339,155,0.000749360598544
339,154,0.000571546219228
339,153,0.00140981400743
339,152,0.0025275043917
339,151,0.00196865919956
339,150,0.00377220504691
346,129,0.00971628572688
367,112,0.0032578134496
367,113,0.00234969001238
367,110,0.00107958730299
367,111,0.00126375219585
367,116,0.00325146293605
367,117,0.00692841027975
367,114,0.00516931802724
367,115,0.00244494771559
367,118,0.00642671970954
367,119,0.0013653604126
354,110,8.25566761107e-05
342,111,0.00246399925623
342,110,0.00447076153707
342,113,0.00932890440051
342,112,0.0012574016823
342,115,0.00368329785725
342,114,0.0120088211173
342,117,0.00426754510357
342,116,0.00421039048165
342,119,0.0052455241898
342,118,0.00460412232156
354,111,0.000361979272178
368,144,0.00040008235346
373,102,0.00370869991144
351,155,0.00971628572688
351,154,0.00986869805201
351,157,0.00949401775273
351,156,0.0104973988932
351,151,0.00450886461836
351,150,0.00616634865412
351,153,0.0103830896493
351,152,0.0090431312909
351,159,0.00377855556045
351,158,0.00675694641399
345,109,6.35051354698e-05
345,108,0.0208931895696
372,158,0.0208233339205
345,107,0.000533443137946
345,106,6.35051354698e-06
372,159,0.00555669935361
369,159,0.00335942166635
355,160,0.0077730285815
358,160,0.019864406375
372,152,0.0892882204705
341,118,0.0044072564016
341,119,0.00438185434742
341,116,0.00728403903838
341,117,0.00328321550379
341,114,0.00435645229323
341,115,0.0052455241898
341,112,0.00516296751369
341,113,0.00506770981049
341,110,0.00386746275011
341,111,0.00374045247917
362,144,0.354746037248
362,145,0.387489285096
362,146,0.43318758058
362,147,0.416441276357
362,140,0.236201000866
362,141,0.269090310526
362,142,0.262638188762
362,143,0.30902233971
362,148,0.4575735526
362,149,0.411545030412
375,108,0.137082185425
375,109,0.127391301752
375,100,0.00789368833889
375,101,0.0879736641663
375,102,0.106339349344
375,103,0.108435018815
375,104,0.119611922657
375,105,0.140225689631
375,106,0.125257529201
375,107,0.128978930139
329,154,0.0016892366035
366,159,0.000704907003715
366,158,0.00294028777225
329,155,0.00174004071187
366,153,0.0363566900565
366,152,0.0639560219316
366,151,0.0370742980873
366,150,0.013444037179
366,157,0.00793814193372
329,156,0.000635051354698
366,155,0.0250972295377
366,154,0.0389476995836
329,157,0.000361979272178
329,150,0.00407067918361
329,151,0.00338482372054
329,152,0.00332131858507
332,131,0.00506135929694
344,126,0.0111451512749
344,127,0.00677599795463
344,124,0.00982424445718
344,125,0.0109165327873
344,122,0.00870655407291
344,123,0.00748725547189
344,120,0.00411513277844
344,121,0.00527727675754
344,128,0.00707447209133
344,129,0.00728403903838
340,113,0.00353088553212
340,112,0.00227348384982
340,111,0.00174639122542
340,110,0.00217187563307
340,117,0.00495340056664
340,116,0.00520107059498
340,115,0.00615364762702
340,114,0.00491529748536
340,119,0.00337847320699
340,118,0.00391191634494
360,119,0.0330925260933
360,118,0.0297839085353
360,111,0.00275612287939
360,110,0.00135265938551
360,113,0.0039881225075
360,112,0.00275612287939
360,115,0.0117420995484
360,114,0.00374680299272
360,117,0.0110498935717
360,116,0.025948198353
363,107,0.000139711298034
363,106,0.00012701027094
357,160,0.0116595428723
371,118,0.216254037815
348,122,0.0106561617318
348,123,0.0107260173808
348,120,0.010948285355
348,121,0.0169114175756
348,126,0.00763966779702
348,127,0.00584247246322
348,124,0.010611708137
348,125,0.010751419435
348,128,0.0054614416504
348,129,0.00559480243489
373,151,0.00248940131042
373,153,0.0461745840001
373,152,0.0439519042586
373,155,0.0383761533644
373,154,0.0396335550467
373,157,0.0201692310252
373,156,0.0188419736939
373,159,0.00350548347793
373,158,0.0186451077739
330,119,1.2701027094e-05
376,114,0.00782383268988
376,115,0.00490894697181
376,116,0.00599488478835
376,117,0.0131582640693
376,110,0.00753805958026
376,111,0.00532808086592
376,112,0.00449616359126
376,113,0.00737294622804
376,118,0.0199088599698
376,119,0.0248495595093
338,127,0.0125168622011
338,126,0.078136718682
338,125,0.0261704663271
338,124,0.00160032941384
338,123,0.00173369019833
338,122,0.00261006106781
338,121,0.0103513370816
338,120,0.37899229797
338,129,0.00732214211967
338,128,0.00549954473168
377,159,0.00202581382149
377,158,0.00478193670088
377,155,0.00832552326009
377,154,0.00557575089425
377,157,0.0046231738622
377,156,0.00314350420575
377,153,0.0109927389498
377,152,0.00430564818485
339,148,0.000749360598544
339,149,0.00380395761464
339,144,0.00239414360721
339,145,0.00120024706038
339,146,0.00255925695943
339,147,0.00179084482025
339,140,0.00501690570211
339,141,0.00228618487691
339,142,0.00230523641755
339,143,0.00265451466264
337,160,8.25566761107e-05
342,108,0.0107895225163
342,109,0.0091383889941
342,106,0.00137171092615
342,107,0.00704907003715
342,104,0.000228618487691
342,105,0.000647752381792
342,102,0.000298474136708
342,103,2.54020541879e-05
342,101,0.00779843063569
351,142,0.0179529017973
351,143,0.01892453037
351,140,0.0164414795731
351,141,0.0142759544536
351,146,0.00864304893744
351,147,0.0125803673366
351,144,0.0133043258809
351,145,0.0107895225163
351,148,0.00777937909505
351,149,0.00603933838318
345,118,0.00999570832294
345,119,0.00841443044975
345,112,0.00314350420575
345,113,0.00720148236227
345,110,3.81030812819e-05
345,111,0.000838267788201
345,116,0.0203978495129
345,117,0.0152539335398
345,114,0.0148093975916
345,115,0.0198009012395
355,159,0.0167145516556
355,158,0.0273199092791
355,151,0.0346229998581
355,150,0.0539920661764
355,153,0.03913821499
355,152,0.03784906074
355,155,0.0396589571009
355,154,0.0441614712057
355,157,0.0368456795996
355,156,0.0384904626082
360,130,0.020073973322
341,160,0.000374680299272
325,147,0.00230523641755
325,146,0.00133995835841
325,145,0.000133360784487
325,149,0.00395636993977
325,148,0.00295933931289
329,129,0.000679504949527
329,128,0.00170828814414
329,125,0.00144156657516
329,124,0.00132725733132
329,127,0.00801434809629
329,126,0.00422309150874
329,121,0.00111769038427
329,123,0.00344197834246
329,122,0.0233698898529
366,148,0.0505818404017
366,149,0.0210201998405
366,140,0.0863987368066
366,141,0.0646545784218
366,142,0.0543540454486
366,143,0.0691634430401
366,144,0.109603513307
366,145,0.127499260483
366,146,0.0998491244992
366,147,0.0711511537804
361,107,0.0048390913228
361,106,0.001892453037
361,105,0.00020956694705
361,109,0.00920189412957
361,108,0.0101798732158
344,153,0.00176544276606
344,152,0.00254020541879
344,151,0.00467397797058
344,150,0.00373410196562
344,157,0.000952577032047
344,156,0.00153047376482
344,155,0.00125105116875
344,154,0.000920824464312
344,159,0.000800164706919
344,158,0.000806515220466
349,116,6.35051354698e-06
349,117,0.000101608216752
340,102,0.0030545970161
340,103,0.00834457480073
349,112,4.44535948289e-05
340,105,0.00344832885601
349,110,1.2701027094e-05
340,107,0.00271801979811
340,108,0.00238779309366
340,109,0.0021083704976
349,118,0.00719513184873
349,119,0.0110625945988
352,145,0.0144728203736
352,144,0.0195532312111
352,147,0.0176099740658
352,146,0.0135646969363
352,141,0.0199025094562
352,140,0.023255580609
352,143,0.01614935595
352,142,0.016428778546
352,149,0.00950671877983
352,148,0.0112975636001
372,121,0.0378046071452
372,120,0.0430691828756
334,120,0.000711257517262
360,106,0.00328956601734
360,107,0.00762696676992
360,105,0.000184164892862
360,108,0.0148411501593
360,109,0.00407067918361
376,121,0.0182005718256
376,120,0.0246844461571
376,123,0.00614094659993
376,122,0.0206645710819
376,125,0.00116849449264
376,124,0.00322606088187
376,126,1.90515406409e-05
338,134,0.00381030812819
338,135,0.00282597852841
338,136,0.00468667899767
338,137,0.0035816896405
338,130,0.00685855463074
338,131,0.00568370962455
338,132,0.00245129822913
338,133,0.00219092717371
338,138,0.00180354584734
338,139,0.000933525491406
337,151,0.00230523641755
337,150,0.00448981307771
337,153,0.00193055611828
337,152,0.00255290644589
337,155,0.000990680113329
337,154,0.00125105116875
337,157,0.00143521606162
337,156,0.000825566761107
337,159,0.000463587488929
337,158,0.00193690663183
377,99,0.0011621439791
355,146,0.0878212518412
355,147,0.083001212059
355,144,0.0887166742513
355,145,0.0679060413578
355,142,0.0487655935273
355,143,0.103983308818
355,140,0.0294409808038
355,141,0.0318668769787
355,148,0.0617968473257
355,149,0.0494959025852
350,118,0.00941146107662
350,119,0.0124978106605
350,116,6.35051354698e-06
350,117,0.000977979086235
350,112,0.000203216433503
350,113,2.54020541879e-05
374,129,0.00157492735965
374,128,0.00579801886839
374,127,0.0105736050557
374,126,0.0173750050645
374,125,0.0228554982556
374,124,0.0275675793074
374,123,0.0278279503629
374,122,0.0236683639896
374,121,0.0273008577385
374,120,0.0120913777934
325,150,0.0038801637772
325,151,0.00703636901005
325,152,0.0144728203736
325,153,0.00349278245084
325,154,0.00142251503452
325,155,0.00331496807152
325,156,0.00456601924028
325,157,0.00214012306533
325,158,0.000850968815295
325,159,0.000215917460597
362,160,0.0230714157162
335,117,0.00067315443598
335,116,0.000635051354698
335,115,0.000838267788201
335,114,0.00517566854079
335,113,0.0101608216752
335,112,0.00426119459002
335,111,0.000615999814057
335,119,0.000622350327604
335,118,0.000412783380554
375,122,0.0448600276959
375,123,0.020677272109
329,138,0.000190515406409
329,139,0.00116849449264
375,126,0.00191150457764
375,127,0.00067315443598
375,124,0.0128788414733
375,125,0.00470573053831
329,132,0.0446441102353
329,133,0.000457236975382
329,130,0.00113674192491
329,131,0.0359121541082
329,136,0.000203216433503
329,137,0.00020956694705
329,134,0.000146061811581
329,135,0.000133360784487
361,114,0.00357533912695
361,115,0.0242589617495
361,116,0.0137615628563
361,117,0.00878276023547
361,110,0.00349278245084
361,111,0.00214647357888
361,112,0.00111769038427
361,113,0.00196865919956
361,118,0.0269134764121
361,119,0.0224744674428
344,140,0.00732849263321
344,141,0.00385476172302
344,142,0.00165113352221
344,143,0.00227348384982
344,144,0.00303554547546
344,145,0.00211472101114
344,146,0.00120659757393
344,147,0.00256560747298
344,148,0.00731579160612
344,149,0.00466127694348
349,160,0.0009462265185
340,139,0.00757616266155
340,138,0.00274342185229
340,135,0.0057853178413
340,134,0.00466762745703
340,137,0.00650292587211
340,136,0.00552494678587
340,131,0.00841443044975
340,130,0.00885896639804
340,133,0.00645212176373
340,132,0.00690300822557
352,152,0.0098813990791
352,153,0.0117039964671
352,150,0.0124914601469
352,151,0.0115071305471
352,156,0.0122564911457
352,157,0.010948285355
352,154,0.0139584287763
352,155,0.0125676663095
352,158,0.0082048635027
352,159,0.00546779216395
334,156,0.0014733191429
351,160,0.00141616452098
363,129,0.0072459359571
340,101,3.81030812819e-05
373,133,0.000412783380554
373,132,0.000743010084997
373,131,0.00382935966883
363,128,0.00521377162207
373,134,0.000107958730299
340,104,0.00760156471573
363,125,0.00120024706038
371,159,0.0054741426775
363,124,0.00254020541879
340,106,0.00285773109614
349,111,0.000228618487691
373,99,0.000577896732775
369,153,0.0295044859393
338,105,2.54020541879e-05
338,104,0.000101608216752
338,107,0.00012701027094
338,106,0.000793814193372
338,109,0.000279422596067
343,109,0.0109990894634
343,108,0.00379760710109
343,107,0.000444535948289
343,106,0.000317525677349
343,105,3.81030812819e-05
343,104,1.2701027094e-05
343,101,0.000895422410124
339,160,0.000165113352221
375,121,0.028723372773
372,153,0.0983758053563
337,148,0.000431834921195
337,149,0.000781113166278
337,146,0.00120024706038
337,147,0.00155587581901
337,144,0.00155587581901
337,145,0.000704907003715
337,142,0.00278787544712
337,143,0.00278787544712
337,140,0.000457236975382
337,141,0.00249575182396
354,147,0.0450378420752
354,146,0.0571927250041
354,145,0.0453934708338
354,144,0.0375759886575
354,143,0.0379252669026
354,142,0.0377728545774
354,141,0.0230650652026
354,140,0.0173750050645
342,160,0.000831917274654
354,149,0.0305840732423
354,148,0.0384206069592
363,105,0.000158762838674
355,133,0.0062044517354
355,132,0.00963372905077
355,131,0.00937970850889
355,130,0.00711257517262
355,137,0.0125295632282
355,136,0.00709987414552
355,135,0.00523282316271
355,134,0.00677599795463
355,139,0.0187975200991
355,138,0.0183339326101
333,115,0.00012701027094
350,129,0.0150443665928
350,128,0.0134122846112
350,121,0.0134694392331
350,120,0.0128343878784
350,123,0.00739834828223
350,122,0.00853509020714
350,125,0.00718878133518
350,124,0.00650927638565
350,127,0.010611708137
350,126,0.00880816228966
341,145,0.00177814379315
341,144,0.00360709169468
341,147,0.00257195798653
341,146,0.00216552511952
341,141,0.00275612287939
341,140,0.00306729804319
341,143,0.00181624687444
341,142,0.0023115869311
341,149,0.00589962708514
341,148,0.00126375219585
374,132,0.000158762838674
358,158,0.069277752284
362,119,0.0147141398884
362,118,0.0194833755621
362,113,0.00128915425004
362,112,0.00243224668849
362,111,0.00286408160969
362,110,0.00508676135113
362,117,0.0102433783513
325,160,0.000266721568973
362,115,0.0213821791127
362,114,0.00513121494596
356,141,0.0522393244374
365,139,0.172175123286
356,140,0.0291869602619
356,143,0.100928711802
356,142,0.074421668257
359,139,0.193074663369
359,138,0.0672900415438
359,137,0.0408719051884
356,145,0.142626183752
359,135,0.0154126963785
359,134,0.0108022235434
359,133,0.0133360784487
359,132,0.00777937909505
359,131,0.0100782649991
356,144,0.162858919912
358,150,0.304862753336
356,147,0.170701804143
358,151,0.208373050503
356,146,0.191861715281
365,130,0.0147204904019
365,131,0.0414625029482
371,130,0.032438423198
365,136,0.105450277448
365,137,0.123187261784
365,134,0.079889460421
365,135,0.0890596019828
371,136,0.0019877107402
361,121,0.0151269232689
361,120,0.0131011094474
361,123,0.0299172693198
361,122,0.0196929425092
361,125,0.0170828814414
361,124,0.014803047078
361,127,0.0147585934832
361,126,0.0140282844253
361,129,0.0863352316712
361,128,0.0236683639896
340,128,0.00797624501501
340,129,0.0130947589339
340,122,0.00734754417385
340,123,0.00546779216395
340,120,0.0040008235346
340,121,0.00896057461479
340,126,0.00414688534618
340,127,0.0062997094386
340,124,0.00441360691515
340,125,0.00461047283511
368,137,0.0877132931109
368,136,0.0836870675221
368,135,0.0588883121211
368,134,0.0472541713031
368,133,0.0674488043825
368,132,0.0701096695586
368,131,0.0860812111293
368,130,0.110003595661
368,139,0.084277665282
368,138,0.0784732959
375,99,0.000800164706919
334,146,0.00210201998405
373,128,0.0238017247741
373,129,0.0185625510978
373,120,0.0121612334425
373,121,0.0244875802372
373,122,0.0125613157959
373,123,0.0164097270054
373,124,0.021026550354
373,125,0.0337847320699
373,126,0.0342102164776
373,127,0.0294981354257
360,160,0.0303237021868
330,149,0.00137171092615
330,148,0.00170828814414
330,145,0.00124470065521
330,144,0.0015812778732
330,147,0.00320700934122
330,146,0.00110498935717
330,141,0.00412148329199
330,140,0.00486449337699
330,143,0.00270531877101
330,142,0.00148602016999
363,139,0.10362768006
367,155,0.0331623817423
338,118,0.00828742017881
338,119,0.026564198167
338,116,0.00309905061093
338,117,0.00354358655921
338,114,0.00141616452098
338,115,0.00269896825747
338,112,0.000457236975382
338,113,0.000527092624399
338,110,0.00132725733132
338,111,0.000361979272178
343,118,0.0436407290948
343,119,0.00419768945455
343,114,0.00528362727109
343,115,0.00250845285106
343,116,0.00443900896934
343,117,0.00499150364793
343,110,0.0190197880732
343,111,0.0171590876039
343,112,0.0127200786346
343,113,0.00609014249155
339,113,0.00114309243846
339,112,0.0012701027094
339,111,0.000806515220466
339,110,0.000165113352221
339,117,0.00151777273773
339,116,0.00169558711704
339,115,0.0013653604126
339,114,0.00123199962811
363,127,0.0050550087834
363,126,0.00250845285106
339,119,0.00184164892862
339,118,0.00190515406409
363,123,0.00131455630422
363,122,0.00370869991144
363,121,0.00475018413314
363,120,0.00345467936956
337,139,0.00124470065521
337,138,0.00132090681777
337,133,0.00386111223656
337,132,0.00206391690277
337,131,0.00311175163802
337,130,0.00556304986715
337,137,0.00322606088187
337,136,0.00286408160969
337,135,0.00242589617495
337,134,0.00261006106781
342,155,0.00204486536213
342,154,0.00215282409243
342,157,0.00132090681777
342,156,0.00148602016999
342,151,0.00216552511952
342,150,0.0047311325925
342,153,0.00250210233751
342,152,0.00205121587567
342,159,0.000298474136708
342,158,0.00109863884363
354,154,0.0167780567911
354,155,0.0180608605276
354,156,0.0167907578182
354,157,0.0201819320523
354,150,0.0258529406498
354,151,0.0257195798653
354,152,0.0212361173011
354,153,0.0214520347617
354,158,0.0142187998317
354,159,0.00918284258893
346,160,0.000552494678587
355,120,0.0128661404462
355,121,0.0100719144855
355,122,0.00577896732775
355,123,0.00456601924028
355,124,0.00984964651136
355,125,0.00633146200634
355,126,0.0517376338672
355,127,0.0298537641843
355,128,0.0125422642553
355,129,0.00744280187706
350,136,0.00871290458646
350,137,0.00737294622804
350,134,0.00472478207895
350,135,0.010135419621
350,132,0.0087192551
350,133,0.0058805755445
350,130,0.0137171092615
350,131,0.0141108411014
371,115,0.0541762310693
350,138,0.011900862387
350,139,0.01020527527
341,152,0.00229253539046
341,153,0.00250845285106
341,150,0.00539158600139
341,151,0.00369599888434
341,156,0.00129550476358
341,157,0.000254020541879
341,154,0.0015685768461
341,155,0.00119389654683
374,101,0.00194325714538
374,100,0.00142886554807
341,158,0.000412783380554
341,159,0.000876370869483
374,105,0.0380649782006
374,104,0.00645847227728
374,107,0.104656463254
374,106,0.0848111084199
362,108,0.00172733968478
362,109,0.00663628665659
362,106,0.00048263902957
362,107,0.000990680113329
373,117,0.0237763227199
335,131,0.00464222540284
335,130,0.00236239103948
335,133,0.000825566761107
335,132,0.00248940131042
335,135,0.00399447302105
335,134,0.00243224668849
335,137,0.00354358655921
335,136,0.00393731839913
335,139,0.00133360784487
335,138,0.00253385490524
359,126,0.0117929036567
359,127,0.00643942073664
359,120,0.0174004071187
359,121,0.0177242833096
359,122,0.0106498112183
359,123,0.0146125316716
367,140,0.0943114766862
367,143,0.120570850203
371,120,0.0894469833092
361,138,0.0461999860543
361,139,0.0418689358152
361,136,0.112835924703
361,137,0.0608633218342
361,134,0.0326543406586
361,135,0.0753551937485
361,132,0.0185053964759
361,133,0.0249956213209
361,130,0.0212678698688
361,131,0.0169304691162
344,160,0.000361979272178
349,149,0.00720783287582
349,148,0.00475653464669
336,149,0.00184799944217
336,148,0.0014733191429
349,145,0.0112594605188
349,144,0.0116595428723
349,147,0.00955117237466
349,146,0.00731579160612
349,141,0.0167907578182
336,142,0.00302919496191
349,143,0.010948285355
349,142,0.0160985518416
333,141,0.0015812778732
375,154,0.0368837826809
368,124,0.0837124695763
368,125,0.112213574375
368,126,0.130515754418
368,127,0.136256618664
368,120,0.00285773109614
368,121,0.0144537688329
368,122,0.0353596594296
368,123,0.0590661265005
368,128,0.135545361147
368,129,0.129842599982
364,151,0.099360134956
364,150,0.0981344858415
364,153,0.0786511102793
364,152,0.0887039732242
364,155,0.0489624594472
364,154,0.063740104471
364,157,0.0376458443065
364,156,0.0440408114483
364,159,0.004934349026
364,158,0.0187022623959
374,109,0.159975786762
374,108,0.125689364122
347,147,0.00632511149279
347,146,0.00462952437575
347,145,0.00422944202229
347,144,0.00483274080925
347,143,0.00569641065164
347,142,0.0053534829201
347,141,0.00741104930932
347,140,0.0102179762971
373,119,0.013723459775
373,118,0.0154507994598
347,149,0.00623620430313
347,148,0.00888436845222
368,103,0.0762823687263
360,159,0.0664009696472
360,158,0.109425698928
360,155,0.146912780396
360,154,0.158051581157
360,157,0.137761690375
360,156,0.142537276562
360,151,0.251626398272
360,150,0.330067941604
360,153,0.182488357286
360,152,0.203216433503
330,158,0.000266721568973
330,159,0.000298474136708
330,152,0.00621715276249
330,153,0.00292123623161
330,150,0.0020004117673
330,151,0.00539793651493
330,156,0.00020956694705
330,157,0.000158762838674
330,154,0.00110498935717
330,155,0.000920824464312
376,158,0.0200168187001
376,159,0.00426119459002
364,138,0.109349492765
376,151,0.000152412325127
376,152,0.0220743850893
376,153,0.0241383019921
376,154,0.0256433737027
376,155,0.0261196622187
376,156,0.01446646986
376,157,0.0138949236408
338,160,3.81030812819e-05
343,129,0.00644577125018
343,128,0.00532173035237
364,132,0.00760156471573
343,121,0.0063124104657
343,120,0.0038801637772
343,123,0.0108339761111
343,122,0.00968453315914
343,125,0.00841443044975
343,124,0.00797624501501
343,127,0.00495975108019
343,126,0.00485179234989
339,100,0.00156222633256
339,101,0.0126311714449
339,102,0.00841443044975
339,103,0.00116849449264
339,104,0.000114309243846
339,105,5.08041083758e-05
339,106,0.000171463865768
339,107,9.52577032047e-05
339,108,8.25566761107e-05
339,109,0.00012701027094
363,136,0.0235350032051
363,137,0.0500992013721
363,130,0.0317779697891
363,131,0.0212361173011
363,132,0.0292377643703
363,133,0.0216679522223
367,142,0.131906516884
367,145,0.0100020588365
364,134,0.0310286091905
367,144,0.0619302081101
367,147,0.00067315443598
367,146,0.00130820579068
337,128,0.0176226750929
337,129,0.00447076153707
337,120,0.00388651429075
337,121,0.00318160728704
337,122,0.00403892661588
337,123,0.00195595817247
337,124,0.000997030626876
337,125,0.00310540112447
337,126,0.140041524738
337,127,0.0707447209133
342,142,0.0015812778732
342,143,0.00207661792986
342,140,0.00274342185229
342,141,0.00272437031165
342,146,0.00176544276606
342,147,0.00215282409243
342,144,0.002635463122
342,145,0.00190515406409
326,157,0.00281327750131
326,156,0.00123835014166
342,148,0.00194325714538
342,149,0.00622350327604
326,153,0.00214012306533
326,152,0.00743645136351
326,151,0.00421039048165
326,150,0.00550589524523
354,160,0.00392461737203
334,160,0.000361979272178
346,159,0.00130185527713
346,158,0.00208296844341
346,151,0.00240049412076
346,150,0.00304824650255
346,153,0.00272437031165
346,152,0.0042992976713
346,155,0.00132725733132
346,154,0.00171463865768
346,157,0.00208296844341
346,156,0.00140981400743
373,103,0.0110689451124
334,123,0.0038928648043
355,119,0.0164668816273
355,118,0.0128470889055
334,122,0.00271801979811
355,115,0.00225443230918
355,114,0.00356263809986
355,117,0.0117738521161
355,116,0.00243859720204
355,111,0.000755711112091
334,121,0.00250845285106
355,113,0.00165113352221
355,112,0.000311175163802
350,143,0.0192484065609
350,142,0.0173305514697
350,141,0.0131201609881
350,140,0.00816676042141
350,147,0.0132281197184
350,146,0.00795719347436
350,145,0.0118564087922
350,144,0.0104529452983
350,149,0.00918284258893
350,148,0.00932890440051
362,135,0.0549319421814
362,134,0.0892247153351
362,137,0.0286852696917
362,136,0.019807251753
362,131,0.0229698074994
362,130,0.0513883556222
362,133,0.0491021707452
362,132,0.027504074172
362,139,0.136167711474
362,138,0.0472541713031
359,119,0.0269896825747
359,118,0.0237699722063
335,128,0.0114626769523
335,129,0.00434375126613
335,126,0.00266721568973
335,127,0.00516931802724
335,124,0.00355628758631
335,125,0.00128915425004
335,122,0.00337212269345
335,123,0.00358804015404
335,120,0.00139076246679
335,121,0.00142251503452
359,128,0.064273547609
373,104,0.0031625557464
359,129,0.0120469241986
374,116,0.0120723262528
359,124,0.0245002812642
374,114,0.0154698510004
374,115,0.0168034588453
374,112,0.164922836815
374,113,0.0485560265802
374,110,0.187568768124
359,125,0.0185053964759
373,105,0.00380395761464
374,118,0.00640131765535
374,119,0.0102306773242
361,149,0.453985512446
361,148,0.539869857656
361,143,0.322358418158
361,142,0.318033718433
361,141,0.168256856427
361,140,0.0584183741187
361,147,0.581592731659
361,146,0.458818253256
361,145,0.306685350724
361,144,0.254306314989
365,110,0.000920824464312
365,111,0.00311810215157
365,112,0.00393096788558
369,111,0.000285773109614
349,158,0.00283232904195
349,159,0.00232428795819
336,158,0.000914473950765
336,159,0.000285773109614
349,152,0.0074618534177
349,153,0.00782383268988
349,150,0.00516931802724
349,151,0.00602663735608
349,156,0.00361979272178
349,157,0.00313715369221
349,154,0.00478828721442
349,155,0.00483274080925
358,138,0.0391636170442
358,139,0.0509247681332
368,111,0.000679504949527
365,118,0.00443900896934
368,113,0.00294028777225
368,112,0.00318160728704
368,115,0.00386746275011
368,114,0.00562655500262
368,117,0.00829377069235
365,119,0.00518836956788
368,119,0.0114626769523
368,118,0.00337212269345
375,150,1.2701027094e-05
371,117,0.184387160837
364,148,0.0986044238439
364,149,0.0888627360629
364,146,0.19647853863
364,147,0.147166800938
364,144,0.239052381449
364,145,0.251702604435
364,142,0.171292401903
364,143,0.201063609411
364,140,0.136358226881
364,141,0.144963172737
371,114,0.0103068834867
358,130,0.00886531691158
371,113,0.00837632736847
358,131,0.00812865734013
371,112,0.00388651429075
371,111,0.00382935966883
371,110,0.00339752474763
347,154,0.00372775145208
347,155,0.00163208198157
347,156,0.00275612287939
347,157,0.00287043212323
347,150,0.00190515406409
347,151,0.0020004117673
347,152,0.00475653464669
347,153,0.00360074118114
373,108,0.00416593688682
373,109,0.0132217692048
347,158,0.00163843249512
347,159,0.000723958544356
360,148,0.7379487257
360,149,0.459789881828
371,119,0.156419499176
360,142,0.15972176622
360,143,0.483464596332
360,140,0.089561292553
360,141,0.078263728953
360,146,0.522532955673
360,147,0.827681482118
360,144,0.499436137902
360,145,0.383825038779
368,110,6.35051354698e-06
323,156,0.00012701027094
323,157,0.000228618487691
323,154,0.000927174977859
323,155,0.000184164892862
323,152,0.0532617571185
323,153,0.0102306773242
374,103,0.0105990071099
323,158,0.000165113352221
343,136,0.00721418338937
343,137,0.011018141004
343,134,0.00865574996453
343,135,0.00786193577116
343,132,0.00910663642637
343,133,0.0091510900212
343,130,0.00714432774035
343,131,0.00968453315914
372,154,0.044339285585
372,155,0.0486830368511
372,156,0.0435137188239
372,157,0.0320827944393
372,151,0.0141362431556
343,138,0.0077730285815
343,139,0.00417863791391
370,106,0.0154190468921
374,102,0.00258465901362
363,109,0.00111769038427
363,108,0.000520742110852
339,139,0.00191785509119
339,138,0.00299744239417
339,135,0.00527727675754
339,134,0.00475653464669
339,137,0.00421039048165
339,136,0.00633146200634
339,131,0.00668709076497
339,130,0.00672519384625
339,133,0.00360074118114
339,132,0.00589962708514
327,126,3.17525677349e-05
337,115,0.00310540112447
337,114,0.00225443230918
337,117,0.00532173035237
337,116,0.00574721476002
337,111,0.000298474136708
337,110,0.000444535948289
337,113,0.000476288516023
337,112,0.000234969001238
337,119,0.00174639122542
337,118,0.0141108411014
326,148,0.00228618487691
326,149,0.00301014342127
326,144,0.00259736004071
326,145,0.00222903025499
326,146,0.00163843249512
326,147,0.00190515406409
326,142,0.0109546358685
326,143,0.0105863060828
346,146,0.00281327750131
346,147,0.00432469972549
346,144,0.0034737309102
346,145,0.00522647264916
346,142,0.00372775145208
346,143,0.00366424631661
346,140,0.00818581196206
346,141,0.00520107059498
346,148,0.0105926565964
346,149,0.0071506782539
368,116,0.00589962708514
350,150,0.00879546126257
350,151,0.00551859627232
350,152,0.00610284351865
350,153,0.00698556490168
350,154,0.00661088460241
350,155,0.00635686406053
350,156,0.00722688441646
350,157,0.00560115294844
350,158,0.00360709169468
350,159,0.00217822614661
367,141,0.109362193793
371,102,8.89071896577e-05
362,122,0.0204359525942
362,123,0.00733484314676
362,120,0.0105609040286
362,121,0.0104846978661
362,126,0.00414053483263
362,127,0.00889071896577
362,124,0.00549954473168
362,125,0.00516931802724
362,128,0.0157302220559
362,129,0.0350230822116
371,103,0.00461047283511
365,138,0.143407296918
335,159,0.000279422596067
335,158,0.000495340056664
335,153,0.00102243268106
335,152,0.00108593781653
335,151,0.00291488571806
335,150,0.00348008142374
335,157,0.00129550476358
335,156,0.000723958544356
335,155,0.000393731839913
335,154,0.000196865919956
374,157,0.0129613981494
329,160,5.08041083758e-05
361,158,0.0948068167428
361,159,0.0441614712057
361,150,0.310686174259
361,151,0.220762902434
361,152,0.168523577996
361,153,0.146423790853
361,154,0.147668491508
361,155,0.147471625588
361,156,0.148741728297
361,157,0.133240124729
365,149,0.0779525537892
365,148,0.0613459608638
365,147,0.0460094706479
365,146,0.029536238507
365,145,0.026227620949
365,144,0.0779906568704
365,143,0.143915338002
365,142,0.18836893283
365,141,0.206207525384
365,140,0.200130083919
359,106,0.000279422596067
359,107,0.0197056435363
336,160,1.90515406409e-05
359,108,0.0113991718168
359,109,0.0106752132725
336,147,0.000698556490168
333,140,0.00373410196562
336,146,0.000939876004953
368,106,8.89071896577e-05
368,104,0.0649848051262
368,105,0.00365789580306
368,102,0.0282978883653
336,145,0.00177814379315
364,139,0.12781678616
336,144,0.00236874155302
365,132,0.0511724381616
364,133,0.0128343878784
336,143,0.00271801979811
364,131,0.0324257221709
364,130,0.0342991236672
364,137,0.0854652113152
364,136,0.0678234846817
364,135,0.0515153658931
349,140,0.00950671877983
336,141,0.000527092624399
336,140,0.000952577032047
333,160,0.00060964930051
365,133,0.0695254223123
353,159,0.0033530711528
353,158,0.00472478207895
353,157,0.00922094567021
353,156,0.0136091505312
353,155,0.0122628416592
353,154,0.0125232127146
353,153,0.0147585934832
353,152,0.0216234986275
353,151,0.02318572496
353,150,0.0207153751902
347,160,0.000438185434742
333,139,0.00341657628827
333,138,0.00180989636089
333,137,0.00278787544712
333,136,0.001892453037
333,135,0.00266721568973
333,134,0.0048390913228
333,133,0.00239414360721
333,132,0.00307364855674
333,131,0.00491529748536
333,130,0.00786193577116
328,160,0.000260371055426
356,160,0.00711257517262
331,157,0.000857319328842
331,156,0.00214012306533
331,155,0.00415323585972
331,154,0.00334037012571
331,153,0.00250845285106
331,152,0.003041895989
331,151,0.00265451466264
331,150,0.000768412139184
331,159,0.000438185434742
331,158,0.000349278245084
338,145,0.000793814193372
338,144,0.00217822614661
338,147,0.00107958730299
338,146,0.00150507171063
338,141,0.00386111223656
338,140,0.00219092717371
338,143,0.00235604052593
338,142,0.00146061811581
338,149,0.00397542148041
338,148,0.00088272138303
343,143,0.00187340149636
343,142,0.00217822614661
343,141,0.00292758674516
343,140,0.00384206069592
343,147,0.00203216433503
343,146,0.000768412139184
343,145,0.00180989636089
343,144,0.00224173128208
343,149,0.00476288516023
343,148,0.00559480243489
339,128,0.0108403266247
339,129,0.0100401619178
339,122,0.00489624594472
339,123,0.002635463122
339,120,0.00330861755798
339,121,0.00461682334865
339,126,0.364563931191
339,127,0.0429612241453
339,124,0.00151777273773
339,125,0.0272437031165
337,103,4.44535948289e-05
337,106,2.54020541879e-05
337,107,1.2701027094e-05
337,104,0.000755711112091
337,105,1.2701027094e-05
334,141,0.00200676228085
334,140,0.00248940131042
334,143,0.003784906074
334,142,0.00184799944217
334,145,0.00419768945455
334,144,0.00467397797058
334,147,0.001149442952
346,134,0.0118754603329
334,149,0.000577896732775
334,148,0.000749360598544
346,139,0.00891612101996
346,138,0.00849698712586
363,116,0.00101608216752
363,117,0.00461682334865
363,114,0.00143521606162
363,115,0.0073538946874
363,112,0.000787463679825
363,113,0.000628700841151
363,110,0.0025275043917
363,111,0.00160667992739
365,121,0.00187975200991
363,118,0.0066235856295
363,119,0.00416593688682
350,160,0.000997030626876
366,156,0.0153301397024
346,133,0.00877005920838
346,132,0.00614729711348
346,131,0.00515661700015
346,130,0.00636321457407
346,137,0.00859224482906
346,136,0.00519472008143
335,148,0.0010541852488
335,149,0.000755711112091
370,142,0.0276945895784
346,135,0.011284862573
335,140,0.00116849449264
335,141,0.000844618301748
335,142,0.000965278059141
335,143,0.00426754510357
335,144,0.00202581382149
335,145,0.00332131858507
335,146,0.001892453037
335,147,0.00130820579068
365,120,0.00302919496191
372,99,0.000927174977859
358,149,0.521504172478
361,160,0.0163081187886
374,152,0.0280311667964
374,153,0.0364837003274
374,150,0.0379506689567
373,115,0.086925829431
374,151,0.0727514831942
365,158,0.0189499324242
365,159,0.00429294715776
373,114,0.155860653984
365,154,0.069881051071
365,155,0.0588121059586
365,156,0.0457300480518
365,157,0.0371949578447
365,150,0.101608216752
365,151,0.121542478776
365,152,0.096038816371
365,153,0.0813119754555
373,116,0.0336132682042
374,154,0.0187022623959
373,111,0.159474096192
374,155,0.0336640723125
373,110,0.0622096307062
373,113,0.181853305931
373,112,0.16783137202
364,128,0.0072586369842
364,129,0.0176798297148
364,120,0.00349913296439
364,121,0.00175274173897
364,122,0.00214012306533
364,123,0.0011621439791
364,124,0.00182259738798
364,125,0.00233063847174
364,126,0.00374680299272
364,127,0.00436280280677
353,148,0.0230587146891
353,149,0.0208804885425
353,144,0.0232365290684
353,145,0.0288503830439
353,146,0.0271865484946
353,147,0.0239350855586
353,140,0.0178512935806
353,141,0.0297394549405
353,142,0.0229253539046
353,143,0.0258846932175
333,128,0.0063124104657
333,129,0.00852238918005
333,124,0.0173559535239
333,125,0.0193881178589
333,126,0.0134694392331
333,127,0.0112404089782
333,120,0.000457236975382
333,121,0.00131455630422
333,122,0.00496610159374
333,123,0.0104211927306
328,151,0.00314350420575
328,150,0.00329591653088
328,153,0.00121929860102
328,152,0.00400717404814
328,155,0.00110498935717
328,154,0.00146061811581
328,157,0.000793814193372
328,156,0.000622350327604
328,159,0.000539793651493
328,158,0.00101608216752
375,120,0.0258656416768
331,144,0.00292123623161
331,145,0.0015685768461
331,146,0.00287678263678
331,147,0.00217822614661
331,140,0.00866210047808
331,141,0.00625525584377
331,142,0.00255290644589
331,143,0.00401987507524
331,148,0.00130185527713
331,149,0.000806515220466
338,152,0.00248305079687
338,153,0.00250845285106
338,150,0.00330226704443
338,151,0.00244494771559
338,156,0.00168288608995
338,157,0.00199406125375
338,154,0.00164478300867
338,155,0.00142886554807
338,158,0.00250210233751
338,159,0.00102243268106
375,128,0.000323876190896
343,150,0.00306094752964
343,151,0.00414053483263
343,152,0.00261641158136
343,153,0.00203851484858
343,154,0.00128280373649
343,155,0.000641401868245
343,156,0.00128915425004
343,157,0.00187975200991
343,158,0.0010541852488
343,159,0.000844618301748
365,126,0.00605203941027
357,119,0.0187022623959
357,118,0.0125359137417
357,117,0.0127200786346
357,116,0.00979884240299
357,115,0.00236874155302
357,114,0.0019877107402
357,113,0.0050423077563
357,112,0.0048390913228
357,111,0.00236239103948
357,110,0.000977979086235
358,147,1.19667172125
348,157,0.00289583417742
348,156,0.00349913296439
348,155,0.0035816896405
348,154,0.00257195798653
348,153,0.00266086517618
348,152,0.00543603959621
348,151,0.00468667899767
348,150,0.00379125658755
358,146,1.5132575226
348,159,0.00201311279439
348,158,0.00303554547546
366,129,0.0410751216219
346,120,0.0134757897467
346,121,0.0126311714449
346,122,0.00792544090663
346,123,0.00636956508762
346,124,0.00579801886839
346,125,0.00733484314676
346,126,0.00645847227728
346,127,0.00586152400386
346,128,0.007569812148
334,157,0.000971628572688
334,154,0.000635051354698
334,155,0.000438185434742
334,152,0.00148602016999
334,153,0.00145426760226
334,150,0.00307364855674
334,151,0.00363249374887
363,160,0.00186705098281
326,160,0.000266721568973
359,117,0.0144918719142
359,116,0.0264308373825
370,158,0.0273643628739
370,159,0.00460412232156
370,156,0.044199574287
370,157,0.0433041518768
370,154,0.0777556878692
370,155,0.0356263809986
370,152,0.0125930683637
370,153,0.0542651382589
351,137,0.00950671877983
351,136,0.00691570925266
351,135,0.00727768852484
351,134,0.00753170906672
351,133,0.00876370869483
351,132,0.00986869805201
351,131,0.0195722827518
351,130,0.0176417266335
351,139,0.0151459748095
351,138,0.00910028591282
345,160,0.000641401868245
369,107,0.000349278245084
369,106,0.00107323678944
369,105,0.0264498889232
369,104,0.0413100906231
369,103,0.0146442842393
369,102,1.90515406409e-05
358,107,0.0608823733749
358,106,0.0514582112712
358,105,1.90515406409e-05
358,109,0.0270785897643
358,108,0.0389222975294
336,104,0.00012701027094
365,113,0.00144156657516
371,106,0.00835092531428
359,160,0.0299299703469
375,157,0.0190134375597
375,156,0.012097728307
365,114,0.00321335985477
375,155,0.0197691486717
364,115,0.00499785416147
364,114,0.00222267974144
364,117,0.00238779309366
364,116,0.00200676228085
364,111,0.00329591653088
364,110,0.00161303044093
364,113,0.000431834921195
364,112,0.00164478300867
375,153,0.0300379290772
364,119,0.0031498547193
364,118,0.00456601924028
375,152,0.0586850956876
332,117,8.25566761107e-05
329,149,0.00498515313438
365,115,0.00370234939789
332,126,0.0140663875066
332,118,0.000787463679825
332,119,0.00067315443598
329,147,0.00151777273773
329,146,0.0013653604126
367,138,0.0736215035501
365,116,0.00306729804319
367,139,0.0897264059053
333,119,0.000825566761107
333,118,0.000660453408886
347,109,0.000114309243846
347,108,0.000419133894101
375,159,0.0025148033646
363,138,0.0830202635997
375,158,0.0131709650964
347,107,0.00814135836723
333,114,5.71546219228e-05
333,117,0.0009462265185
333,116,0.000425484407648
356,149,0.109635265875
356,148,0.13367195965
365,117,0.00303554547546
328,148,0.00427389561712
328,149,0.00421039048165
328,146,0.00376585453336
328,147,0.00430564818485
328,144,0.000952577032047
328,145,0.00234969001238
328,142,0.00337847320699
328,143,0.00332131858507
328,140,0.000393731839913
328,141,0.00216552511952
371,131,0.0312826297324
363,134,0.00748090495834
371,133,0.0286090635291
371,132,0.0284947542853
371,135,0.0106180586505
371,134,0.0348516183458
371,137,0.000488989543117
363,135,0.00810960579949
371,138,6.35051354698e-06
367,132,0.155835251929
367,133,0.138377690189
372,103,0.0109228833008
372,102,0.00088272138303
372,101,0.00102243268106
372,100,0.000692205976621
372,107,0.00590597759869
372,106,0.00129550476358
372,105,0.00276247339294
372,104,0.00763331728347
372,109,0.00375950401981
372,108,0.01000840935
343,160,0.00027307208252
357,108,0.00193055611828
357,109,0.00193690663183
357,107,0.000158762838674
348,144,0.0062044517354
348,145,0.00755076060736
348,146,0.00652197741275
348,147,0.00875735818128
348,140,0.0124787591198
348,141,0.0107831720028
348,142,0.0073538946874
348,143,0.00953847134756
348,148,0.00541698805557
348,149,0.00710622465907
354,125,0.0116277903045
354,124,0.00642671970954
354,127,0.0122755426863
354,126,0.0474446867095
354,121,0.00914473950765
354,120,0.0137171092615
354,123,0.00334672063926
354,122,0.00742375033642
367,149,0.000241319514785
367,148,0.00898597666898
354,129,0.0140346349388
354,128,0.0141806967504
334,129,0.00581071989549
334,128,0.00833187377364
346,119,0.0163017682751
346,118,0.0171781391446
346,115,0.00530902932527
346,114,0.000501690570211
346,117,0.0173369019833
346,116,0.0111896048698
334,127,0.00723323493001
334,126,0.00659818357531
334,125,0.00741739982287
334,124,0.00847793558522
356,156,0.0464794086503
356,157,0.0416657193817
370,141,0.00223538076854
370,140,0.0140854390472
356,158,0.0289773933149
356,159,0.0177369843367
370,129,0.0312635781918
370,128,0.0409036577561
370,123,0.0842713147684
370,122,0.124666931441
370,121,0.158381807862
370,120,0.18192316158
370,127,0.0498578818573
370,126,0.0420213481404
370,125,0.0353406078889
370,124,0.0536173858771
351,124,0.00689665771202
351,125,0.00643942073664
351,126,0.00905583231799
351,127,0.00779843063569
351,120,0.0138060164511
351,121,0.0124724086063
351,122,0.00617904968121
351,123,0.00416593688682
351,128,0.00511851391887
351,129,0.0108466771382
326,159,0.00130185527713
326,158,0.00297204033999
374,158,0.00871290458646
374,159,0.00206391690277
369,118,0.00370234939789
369,119,0.0331369796881
369,114,0.00649022484501
369,115,0.00548049319104
369,116,0.00828106966526
369,117,0.00466762745703
374,156,0.0197945507259
326,155,0.00111769038427
369,112,0.00230523641755
369,113,0.00464857591639
326,154,0.00158762838674
358,114,0.0057726168142
358,115,0.00726498749774
358,116,0.0195722827518
358,117,0.0136472536125
358,110,0.0179465512838
358,111,0.0128915425004
358,112,0.0114309243846
358,113,0.00680775052236
358,118,0.018041808987
358,119,0.0231666734194
336,110,5.08041083758e-05
336,111,0.000870020355936
336,112,0.000419133894101
336,113,0.00182259738798
336,114,0.00532808086592
336,115,0.00634416303343
336,116,0.00223538076854
336,117,0.00110498935717
336,118,0.00118754603329
336,119,0.00115579346555
335,160,0.000171463865768
359,159,0.0617523937308
359,158,0.0937716830347
359,155,0.138282432485
359,154,0.132706681591
359,157,0.128661404462
359,156,0.133551299893
359,151,0.228593085637
359,150,0.32995363236
359,153,0.138625360217
359,152,0.165767455117
368,155,0.0314159905169
368,154,0.0465619653265
368,157,0.0201057258897
368,156,0.0296823003186
368,151,0.00464857591639
368,153,0.0554526842922
368,152,0.00940511056308
368,159,0.00154952530546
368,158,0.0135392948822
364,107,5.08041083758e-05
364,108,0.000215917460597
364,109,8.89071896577e-05
332,121,0.00352453501857
332,120,0.000457236975382
332,123,0.0202898907826
332,122,0.00730309057903
332,125,0.0209757462457
332,124,0.0233952919071
332,127,0.0122247385779
329,148,0.00511851391887
332,129,0.00488354491763
332,128,0.0101290691074
329,145,0.000838267788201
329,144,0.00142886554807
329,143,0.00257830850007
329,142,0.00211472101114
329,141,0.00407067918361
329,140,0.00185434995572
375,151,0.00720148236227
347,118,0.012237439605
347,119,0.0120786767664
356,154,0.0614221670264
356,155,0.0500737993179
356,152,0.106853740941
356,153,0.0828551502474
356,150,0.116423964857
356,151,0.104961287904
373,130,0.0103132340003
347,116,6.98556490168e-05
347,117,0.00374045247917
372,110,0.00265451466264
328,139,6.98556490168e-05
328,138,0.000152412325127
372,111,0.00126375219585
328,131,2.54020541879e-05
372,112,0.00774762652731
372,113,0.116785944129
371,128,0.00728403903838
371,129,0.0217124058171
371,126,0.0231285703381
371,127,0.00774762652731
371,124,0.0363693910835
371,125,0.0341530618557
371,122,0.0339625464492
371,123,0.0383571018238
331,160,0.000133360784487
371,121,0.034134010315
372,116,0.174270792756
372,117,0.115395181662
352,127,0.00755711112091
352,126,0.00716337928099
352,125,0.00814135836723
352,124,0.00438820486096
352,123,0.00470573053831
352,122,0.00680775052236
352,121,0.0101735227023
352,120,0.016092201328
372,118,0.0515915720557
372,119,0.0378109576587
352,129,0.0103259350274
352,128,0.0088272138303
357,139,0.0392017201255
357,138,0.0223538076854
353,160,0.00207661792986
357,131,0.0117802026296
357,130,0.0120342231715
357,133,0.0105291514609
357,132,0.0102878319461
357,135,0.0179656028244
357,134,0.016079500301
357,137,0.0189435819106
357,136,0.0158699333539
377,124,0.000419133894101
377,120,0.0019877107402
377,121,0.00269896825747
377,122,0.00171463865768
377,123,0.00364519477597
327,160,0.000311175163802
354,132,0.00781113166278
354,133,0.00652832792629
354,130,0.0123390478218
354,131,0.00779208012214
354,136,0.00858589431552
354,137,0.0175655204709
354,134,0.00523282316271
354,135,0.00302919496191
367,156,0.0184228397998
367,157,0.0141044905878
354,138,0.0189816849919
354,139,0.018518097503
367,152,0.0422182140603
367,153,0.0451140482377
367,151,0.00476288516023
334,138,0.00294028777225
334,139,0.00237509206657
346,108,0.0288059294491
334,130,0.00295933931289
334,131,0.00585517349031
334,132,0.0025275043917
334,133,0.00132090681777
334,134,0.0038801637772
346,107,0.000444535948289
334,136,0.00151142222418
334,137,0.00125105116875
363,149,0.209560596537
363,148,0.206734618008
363,145,0.168307660536
363,144,0.164217929811
363,147,0.205928102788
363,146,0.193436642641
363,141,0.133932330706
363,140,0.119529365981
363,143,0.158153189374
363,142,0.147509728669
374,117,0.0059885342748
355,110,0.00033657721799
372,129,0.0284630017176
370,138,0.00857954380197
370,139,0.00626160635732
370,130,0.0218521171152
370,131,0.0223665087125
370,132,0.0285201563395
370,133,0.0341975154505
370,134,0.0473875320876
370,135,0.0373219681156
370,136,0.0377919061181
370,137,0.0233444877987
351,113,4.44535948289e-05
351,112,0.000196865919956
351,117,0.00368964837079
351,116,0.000374680299272
351,119,0.0121294808747
351,118,0.00994490421457
372,128,0.0370997001415
345,149,0.00532173035237
345,148,0.00799529655565
345,141,0.00527727675754
345,140,0.00628065789796
345,143,0.00260371055426
345,142,0.00356263809986
345,145,0.00367059683015
345,144,0.00321971036832
345,147,0.00287043212323
345,146,0.00297204033999
369,129,0.0509247681332
369,128,0.06123165162
369,121,0.0975819911629
369,120,0.0688903709576
369,123,0.147630388427
369,122,0.126648291667
369,125,0.130166476172
369,124,0.146087213635
369,127,0.0774699147596
369,126,0.104402442712
358,121,0.0188610252345
358,120,0.0186959118823
358,123,0.0124724086063
358,122,0.0135265938551
358,125,0.0207725298122
358,124,0.0126883260669
358,127,0.0148983047812
358,126,0.0138060164511
358,129,0.00464857591639
358,128,0.107025204807
365,109,0.000279422596067
365,108,6.35051354698e-06
359,130,0.0108149245705
336,129,0.00549954473168
336,128,0.00745550290415
336,125,0.00188610252345
336,124,0.000977979086235
336,127,0.00928445080568
336,126,0.00267991671683
336,121,0.00130820579068
336,120,0.00102878319461
336,123,0.00468032848412
336,122,0.00415323585972
359,148,1.36551917544
359,149,0.539749197898
359,142,0.29684840524
359,143,0.460729757833
359,140,0.255341448697
359,141,0.179217842809
359,146,1.14477532455
359,147,0.846891785598
359,144,0.328918498652
359,145,1.1991801741
368,142,0.0282724863112
368,143,0.00447711205062
368,140,0.0917776217809
368,141,0.0667438973787
340,159,0.00145426760226
340,158,0.000641401868245
340,157,0.00127645322294
340,156,0.00177179327961
340,155,0.00146696862935
340,154,0.00118119551974
340,153,0.00173369019833
340,152,0.00236874155302
340,151,0.00330861755798
340,150,0.0049470500531
329,158,0.000444535948289
329,159,0.000279422596067
332,138,0.00374680299272
332,139,0.00308634958383
332,136,0.00241319514785
332,137,0.00214012306533
332,134,0.00227983436337
332,135,0.00162573146803
332,132,0.00264816414909
332,133,0.00501055518857
332,130,0.00845888404458
329,153,0.00106053576235
366,117,0.00496610159374
366,116,0.00239414360721
366,115,0.00321335985477
366,114,0.0035816896405
366,113,0.00214647357888
366,112,0.00271166928456
366,111,0.00199406125375
366,110,0.000774762652731
366,119,0.00518201905433
366,118,0.0057853178413
347,125,0.00551224575878
347,124,0.0060964930051
347,127,0.00522012213562
347,126,0.00530902932527
347,121,0.018448241854
347,120,0.0130376043119
347,123,0.00920189412957
347,122,0.0127581817159
347,129,0.00861764688325
347,128,0.00733484314676
356,123,0.013990181344
356,122,0.00843348199039
356,121,0.00970358469978
356,120,0.0109546358685
356,127,0.0849698712586
356,126,0.0151269232689
356,125,0.0032578134496
356,124,0.00461047283511
356,129,0.00428659664421
356,128,0.00790003885244
328,128,3.81030812819e-05
328,122,0.0131836661235
328,123,1.90515406409e-05
328,125,0.000254020541879
328,126,0.0273897649281
328,127,0.0053661839472
331,119,0.000679504949527
371,158,0.0294155787496
371,153,0.16457355857
371,152,0.135920041446
371,151,0.00191785509119
371,157,0.0321272480342
371,156,0.0443583371256
371,155,0.0469493466528
371,154,0.0647688876656
352,134,0.0114118728439
352,135,0.00959562596949
352,136,0.0136345525854
352,137,0.0211281585708
352,130,0.0142823049672
352,131,0.00958927545594
352,132,0.00913203848056
352,133,0.0118183057109
372,125,0.0102433783513
372,124,0.0125549652824
372,127,0.0297648569947
372,126,0.013990181344
352,138,0.0206709215954
352,139,0.0115769861961
372,123,0.0085033376394
372,122,0.0161430054364
357,126,0.019527829157
357,127,0.0694619171769
357,124,0.00743010084997
357,125,0.0138631710731
357,122,0.0110308420311
357,123,0.00719513184873
357,120,0.0132725733132
357,121,0.0203597464316
357,128,0.0262149199219
357,129,0.00617904968121
353,113,0.000234969001238
353,112,6.35051354698e-05
353,117,0.00561385397553
353,116,0.00297204033999
353,115,0.00268626723037
353,114,0.000222267974144
353,119,0.0124787591198
353,118,0.0102497288648
377,119,0.00488989543117
377,118,0.00534078189301
377,111,0.000622350327604
377,110,0.000584247246322
377,113,0.0012701027094
377,112,0.000603298786963
377,115,0.00142251503452
377,114,0.00210201998405
377,117,0.00348008142374
377,116,0.00388651429075
367,158,0.0062044517354
367,159,0.00088272138303
348,160,0.00151777273773
367,154,0.0399637817511
367,129,0.119891345253
367,128,0.103322855409
367,123,0.0144982224278
367,122,0.00459142129447
367,121,0.0009462265185
367,120,0.00131455630422
367,127,0.0702811334244
367,126,0.0437423373116
367,125,0.0360455148927
367,124,0.0286027130156
363,158,0.0330607735256
363,159,0.0124406560385
363,152,0.0963817441025
363,153,0.0762252141044
363,150,0.177890585478
363,151,0.134643588223
363,156,0.0543984990434
363,157,0.0537570971752
363,154,0.0623175894365
363,155,0.0557194058612
334,135,0.00267356620328
371,116,0.126502229856
345,156,0.000977979086235
345,157,0.00107323678944
345,154,0.00164478300867
345,155,0.00102243268106
345,152,0.00391191634494
345,153,0.00213377255178
345,150,0.00395636993977
345,151,0.00257830850007
345,158,0.00144791708871
345,159,0.00224808179563
369,136,0.0458888108905
369,137,0.0675567631128
369,134,0.0496229128561
369,135,0.0447203163978
369,132,0.0431326880111
369,133,0.0617968473257
369,130,0.0503976755088
369,131,0.0494323974497
372,114,0.165900815901
369,138,0.0720973802989
369,139,0.0474700887637
359,111,0.0136917072073
359,110,0.0120532747122
359,113,0.0109800379227
359,112,0.0118818108464
372,115,0.18478724319
359,115,0.0124533570656
359,114,0.00915744053474
341,127,0.00306729804319
341,126,0.00324511242251
341,125,0.00302919496191
341,124,0.00375315350626
341,123,0.0052455241898
341,122,0.0086112963697
341,121,0.00434375126613
341,120,0.00299744239417
358,136,0.0190578911545
358,137,0.0258973942446
358,134,0.00962102802367
358,135,0.0125867178501
358,132,0.0080969047724
358,133,0.00654737946694
341,129,0.00780478114924
341,128,0.005677359111
336,138,0.0020004117673
336,139,0.003041895989
336,132,0.00222267974144
336,133,0.00194960765892
336,130,0.00291488571806
336,131,0.0020004117673
336,136,0.00367059683015
336,137,0.00376585453336
336,134,0.00180989636089
336,135,0.00445170999643
370,105,0.0123199962811
370,104,0.0238017247741
370,107,0.000495340056664
358,148,0.918411269164
370,103,0.00936700748179
365,129,0.0224617664157
370,109,2.54020541879e-05
370,108,0.000234969001238
365,128,0.0281645275809
340,148,0.00140981400743
340,149,0.00484544183634
340,144,0.00309905061093
340,145,0.00326416396315
340,146,0.00258465901362
340,147,0.00250210233751
340,140,0.00557575089425
340,141,0.00177179327961
340,142,0.00245129822913
340,143,0.00233698898529
365,125,0.00414053483263
365,124,0.002635463122
365,127,0.0171654381175
371,104,0.0155016035682
332,149,0.00115579346555
332,148,0.00133360784487
371,105,0.00242589617495
332,143,0.0038928648043
332,142,0.00192420560473
332,141,0.00255925695943
332,140,0.00591867862578
332,147,0.00188610252345
332,146,0.00259100952717
332,145,0.00258465901362
332,144,0.00213377255178
371,107,0.00918919310248
365,123,0.00147966965645
365,122,0.00250210233751
366,109,0.000114309243846
347,132,0.0110054399769
347,133,0.0117929036567
347,130,0.00772857498667
347,131,0.00878276023547
347,136,0.00695381233394
347,137,0.00672519384625
347,134,0.0112975636001
347,135,0.00950671877983
347,138,0.00812865734013
347,139,0.0074618534177
356,130,0.00912568796701
356,131,0.0107641204621
356,132,0.00913203848056
356,133,0.00869385304581
356,134,0.00993220318748
356,135,0.00887166742513
356,136,0.00951306929337
356,137,0.013990181344
356,138,0.0142251503452
356,139,0.0188038706126
371,108,0.00160667992739
371,109,0.00196230868602
344,119,0.00343562782892
344,118,0.00381665864173
344,117,0.00626160635732
344,116,0.0102179762971
344,115,0.0159207374623
344,114,0.0182958295288
344,113,0.0220553335487
344,112,0.0202073341065
344,111,0.0168161598724
344,110,0.0132979753674
372,132,0.0150380160792
372,133,0.00624255481668
372,130,0.0247797038603
372,131,0.0232365290684
372,134,0.00403257610233
372,135,0.0140282844253
357,153,0.0975438880816
357,152,0.137558473941
357,151,0.160318714493
357,150,0.216273089356
357,157,0.0464857591639
357,156,0.0507977578623
357,155,0.0582723123071
357,154,0.0684267834687
357,159,0.0231539723923
357,158,0.0329591653088
327,145,0.00415323585972
327,144,0.00475653464669
327,147,0.00298474136708
327,146,0.00306094752964
327,141,0.000374680299272
327,140,2.54020541879e-05
327,143,0.00771587395958
327,142,0.0042992976713
374,111,0.158470715051
327,149,0.00374045247917
327,148,0.00289583417742
348,119,0.0105228009473
348,118,0.00534078189301
348,110,6.35051354698e-06
334,112,0.00809055425885
334,113,0.00227983436337
334,111,0.0072459359571
334,116,0.00135265938551
334,117,0.00040008235346
334,114,0.00161938095448
334,115,0.001149442952
367,130,0.126235508287
367,131,0.134999216982
334,118,0.000457236975382
334,119,0.000698556490168
367,134,0.121059839746
367,135,0.0981535373821
367,136,0.0727387821671
367,137,0.0615872803786
330,129,0.00370234939789
330,128,0.00679504949527
330,127,0.00647752381792
330,126,0.00497245210728
330,125,0.00732849263321
330,124,0.0118056046838
330,123,0.0115325326013
330,122,0.00367059683015
330,121,0.000698556490168
330,120,0.000349278245084
377,106,0.00753805958026
377,107,0.00233698898529
377,104,0.00679504949527
377,105,0.00906218283154
377,102,0.00965913110496
377,103,0.00867480150517
377,100,0.00442630794224
377,101,0.00757616266155
377,108,0.000704907003715
377,109,0.000361979272178
342,137,0.0091510900212
342,136,0.00450886461836
342,135,0.00638226611471
342,134,0.00698556490168
342,133,0.00719513184873
342,132,0.00583612194967
342,131,0.00842713147684
342,130,0.00776667806796
342,139,0.00352453501857
342,138,0.0103576875951
345,123,0.00391191634494
345,122,0.00664263717014
345,121,0.00768412139184
345,120,0.00767142036475
345,127,0.00736024520095
345,126,0.0057726168142
345,125,0.00330861755798
345,124,0.00602028684254
345,129,0.00986869805201
345,128,0.0084080799362
369,143,0.000304824650255
369,142,0.0309968566228
369,141,0.0350992883742
369,140,0.0246907966707
341,134,0.0061917507083
341,135,0.00469302951122
341,136,0.00586152400386
341,137,0.00707447209133
341,130,0.00897327564188
341,131,0.00519472008143
341,132,0.00690300822557
341,133,0.00638861662826
358,143,0.144607543978
358,142,0.355311232953
358,141,0.262098395111
358,140,0.0891485091725
341,138,0.00715702876745
341,139,0.00910028591282
358,145,2.08513396853
358,144,0.0197056435363
370,112,0.00348008142374
370,113,0.00615364762702
370,110,8.25566761107e-05
370,111,0.000774762652731
370,116,0.00739199776868
370,117,0.0322288562509
370,114,0.00657278152112
370,115,0.00794449244727
370,118,0.0927556008672
370,119,0.16337331151
366,134,0.124196993438
349,129,0.00806515220466
349,128,0.0111006976801
349,127,0.00980519291654
349,126,0.0119770685496
349,125,0.0114436254117
349,124,0.00992585267393
349,123,0.00474383361959
349,122,0.0101989247564
349,121,0.0182259738798
349,120,0.010878429706
336,154,0.000349278245084
336,155,0.000539793651493
336,156,0.000355628758631
332,158,0.00202581382149
332,159,0.000558845192134
336,157,0.00113674192491
332,150,0.00161303044093
332,151,0.00363884426242
332,152,0.00282597852841
332,153,0.00155587581901
332,154,0.00133360784487
332,155,0.0020956694705
332,156,0.00311175163802
332,157,0.00269896825747
366,131,0.100484175854
366,130,0.0734246376302
366,133,0.114118728439
366,132,0.120799468691
366,135,0.140943297662
336,152,0.00236874155302
366,137,0.166751784717
366,136,0.159791621869
366,139,0.122895138161
366,138,0.154660406923
336,153,0.00109863884363
375,129,9.52577032047e-05
