,target,next_status_60_column,next_status_60_row
0,675,129.0,340.0
3,794,128.0,342.0
4,1110,127.0,348.0
5,1206,127.0,350.0
6,1353,126.0,353.0
7,1404,126.0,354.0
9,559,134.0,338.0
11,739,133.0,341.0
13,856,132.0,343.0
16,1017,130.0,346.0
18,1160,129.0,349.0
21,1352,125.0,353.0
22,1759,157.0,360.0
30,1758,156.0,360.0
40,1813,155.0,361.0
60,1812,154.0,361.0
74,1811,153.0,361.0
94,1810,152.0,361.0
112,1864,151.0,362.0
132,1863,150.0,362.0
149,1862,149.0,362.0
162,1861,148.0,362.0
176,1917,148.0,363.0
178,1916,147.0,363.0
179,1760,158.0,360.0
347,1808,150.0,361.0
354,1807,149.0,361.0
355,1751,149.0,360.0
362,1750,148.0,360.0
387,1694,148.0,359.0
409,1693,147.0,359.0
446,1638,148.0,358.0
934,1582,148.0,357.0
972,1528,148.0,356.0
1013,1477,148.0,355.0
1047,1478,149.0,355.0
1053,1427,149.0,354.0
1095,1376,149.0,353.0
1135,1326,149.0,352.0
1176,1276,149.0,351.0
1217,1228,149.0,350.0
1257,1180,149.0,349.0
1298,1132,149.0,348.0
1338,1085,149.0,347.0
1378,1036,149.0,346.0
1392,1037,150.0,346.0
1419,985,150.0,345.0
1458,930,150.0,344.0
1491,874,150.0,343.0
1493,816,150.0,342.0
1502,756,150.0,341.0
1515,696,150.0,340.0
1530,636,150.0,339.0
1550,637,151.0,339.0
1558,576,151.0,338.0
1605,520,151.0,337.0
1649,465,151.0,336.0
1696,413,151.0,335.0
1748,363,151.0,334.0
1805,313,151.0,333.0
1843,314,152.0,333.0
1862,267,152.0,332.0
1918,223,152.0,331.0
1974,181,152.0,330.0
2029,140,152.0,329.0
2082,99,152.0,328.0
2137,67,152.0,327.0
2186,45,152.0,326.0
2236,26,152.0,325.0
2286,27,153.0,325.0
2290,12,153.0,324.0
2350,1,153.0,323.0
2828,0,152.0,323.0
3070,15,156.0,324.0
3079,16,157.0,324.0
3083,31,157.0,325.0
3088,32,158.0,325.0
3103,33,159.0,325.0
3116,34,160.0,325.0
3159,1637,147.0,358.0
3164,1636,146.0,358.0
3185,1635,145.0,358.0
3327,1639,149.0,358.0
3368,1640,150.0,358.0
3404,1641,151.0,358.0
3415,1642,152.0,358.0
3420,1643,153.0,358.0
3422,1644,154.0,358.0
3427,1646,156.0,358.0
3428,1647,157.0,358.0
3430,1860,147.0,362.0
3434,1859,146.0,362.0
3438,1804,146.0,361.0
3453,1803,145.0,361.0
3465,1747,145.0,360.0
3495,1746,144.0,360.0
3537,1690,144.0,359.0
3779,1691,145.0,359.0
3878,1748,146.0,360.0
3949,1805,147.0,361.0
4005,1806,148.0,361.0
4056,1749,147.0,360.0
4108,1692,146.0,359.0
4371,1918,149.0,363.0
4497,1745,143.0,360.0
4540,1744,142.0,360.0
4544,1800,142.0,361.0
4583,1743,141.0,360.0
4649,1688,142.0,359.0
4695,1689,143.0,359.0
4738,1633,143.0,358.0
4792,1577,143.0,357.0
4814,1578,144.0,357.0
4857,1579,145.0,357.0
5701,1858,145.0,362.0
8752,2470,158.0,374.0
8761,2469,157.0,374.0
8762,2425,157.0,373.0
8951,1972,149.0,364.0
8962,1973,150.0,364.0
8987,2025,150.0,365.0
9009,2026,151.0,365.0
9032,2077,151.0,366.0
9059,2078,152.0,366.0
9072,2131,152.0,367.0
9107,2132,153.0,367.0
9111,2182,153.0,368.0
9139,2232,153.0,369.0
9154,2233,154.0,369.0
9185,2282,154.0,370.0
9206,2283,155.0,370.0
9228,2331,155.0,371.0
9264,2332,156.0,371.0
9273,2378,156.0,372.0
9312,2379,157.0,372.0
9390,2512,158.0,375.0
9408,2513,159.0,375.0
9538,2424,156.0,373.0
10773,2183,154.0,368.0
10837,2234,155.0,369.0
11016,2426,158.0,373.0
11878,323,111.0,334.0
11987,1695,149.0,359.0
11995,1696,150.0,359.0
11999,1697,151.0,359.0
12002,1698,152.0,359.0
12004,1755,153.0,360.0
12007,1756,154.0,360.0
12009,1757,155.0,360.0
12013,1815,157.0,361.0
12014,1816,158.0,361.0
12021,2468,156.0,374.0
12023,2467,155.0,374.0
12029,2423,155.0,373.0
12035,2422,154.0,373.0
12045,2376,154.0,372.0
12048,2375,153.0,372.0
12068,2377,155.0,372.0
12101,2329,153.0,371.0
12110,2328,152.0,371.0
12132,2374,152.0,372.0
12186,2330,154.0,371.0
12905,1752,150.0,360.0
12917,1809,151.0,361.0
12933,1866,153.0,362.0
12937,1867,154.0,362.0
12939,1868,155.0,362.0
12945,1869,156.0,362.0
12950,1925,156.0,363.0
12954,1926,157.0,363.0
12959,1927,158.0,363.0
12960,2033,158.0,365.0
12961,1978,155.0,364.0
12968,1924,155.0,363.0
12969,1923,154.0,363.0
12972,1922,153.0,363.0
12978,1921,152.0,363.0
12980,1865,152.0,362.0
13650,2027,152.0,365.0
13660,2028,153.0,365.0
13666,2079,153.0,366.0
13668,2080,154.0,366.0
13676,2081,155.0,366.0
13686,2082,156.0,366.0
13694,2083,157.0,366.0
13700,2136,157.0,367.0
13704,2137,158.0,367.0
13714,2138,159.0,367.0
15197,1919,150.0,363.0
15396,1801,143.0,361.0
15693,1634,144.0,358.0
15771,1580,146.0,357.0
16502,1704,158.0,359.0
16510,1703,157.0,359.0
16517,1702,156.0,359.0
16530,1701,155.0,359.0
16549,1700,154.0,359.0
16809,1802,144.0,361.0
16898,1855,142.0,362.0
16907,1854,141.0,362.0
16942,1853,140.0,362.0
16978,1852,139.0,362.0
16980,1908,139.0,363.0
17104,2284,156.0,370.0
17386,2024,149.0,365.0
17399,2075,149.0,366.0
17415,2074,148.0,366.0
17426,2023,148.0,365.0
17448,2022,147.0,365.0
17454,2073,147.0,366.0
17484,2072,146.0,366.0
17521,2071,145.0,366.0
17565,2070,144.0,366.0
17607,2069,143.0,366.0
17641,2122,143.0,367.0
17649,2121,142.0,367.0
17690,2120,141.0,367.0
17731,2119,140.0,367.0
17770,2118,139.0,367.0
17776,2173,139.0,368.0
17810,2172,138.0,368.0
17850,2171,137.0,368.0
17893,2170,136.0,368.0
17910,2221,136.0,369.0
17933,2220,135.0,369.0
17973,2219,134.0,369.0
18015,2218,133.0,369.0
18057,2217,132.0,369.0
18101,2216,131.0,369.0
18110,2268,131.0,370.0
18143,2267,130.0,370.0
18157,2266,129.0,370.0
18163,2265,128.0,370.0
18167,2312,126.0,371.0
18186,2311,125.0,371.0
18190,2310,124.0,371.0
18197,2309,123.0,371.0
18203,2308,122.0,371.0
18208,2358,122.0,372.0
18210,2357,121.0,372.0
18216,2356,120.0,372.0
18222,2355,119.0,372.0
18228,2354,118.0,372.0
18235,2353,117.0,372.0
18238,2400,117.0,373.0
18241,2399,116.0,373.0
18248,2398,115.0,373.0
18255,2397,114.0,373.0
18261,2396,113.0,373.0
18268,2442,113.0,374.0
18269,2441,112.0,374.0
18279,2440,111.0,374.0
18285,2439,110.0,374.0
18286,2438,109.0,374.0
18287,2482,109.0,375.0
18290,2475,102.0,375.0
18295,2476,103.0,375.0
18299,2477,104.0,375.0
18300,2478,105.0,375.0
18301,2434,105.0,374.0
18305,2435,106.0,374.0
18309,2436,107.0,374.0
18315,2437,108.0,374.0
18329,2393,110.0,373.0
18331,2394,111.0,373.0
18336,2395,112.0,373.0
18343,2348,112.0,372.0
18358,2349,113.0,372.0
18365,2299,113.0,371.0
18375,2250,113.0,370.0
18386,2198,113.0,369.0
18388,2148,114.0,368.0
18389,2093,114.0,367.0
18393,2040,114.0,366.0
18397,1989,114.0,365.0
18399,1937,114.0,364.0
18402,1938,115.0,364.0
18403,1884,115.0,363.0
18407,1828,115.0,362.0
18413,1773,115.0,361.0
18421,1717,115.0,360.0
18424,1718,116.0,360.0
18427,1662,116.0,359.0
18435,997,108.0,346.0
18446,888,108.0,344.0
18450,890,110.0,344.0
18451,891,111.0,344.0
18457,892,112.0,344.0
18459,948,113.0,345.0
18461,949,114.0,345.0
18462,950,115.0,345.0
18465,1002,115.0,346.0
18466,1003,116.0,346.0
18473,1004,117.0,346.0
18477,1053,117.0,347.0
18480,1054,118.0,347.0
18488,1055,119.0,347.0
18489,1102,119.0,348.0
18492,1103,120.0,348.0
18498,1151,120.0,349.0
18501,1152,121.0,349.0
18502,1153,122.0,349.0
18509,1201,122.0,350.0
18511,1202,123.0,350.0
18514,1203,124.0,350.0
18517,1251,124.0,351.0
18518,1252,125.0,351.0
18519,1303,126.0,352.0
18520,1304,127.0,352.0
18523,1354,127.0,353.0
18525,1355,128.0,353.0
18529,1356,129.0,353.0
18535,1408,130.0,354.0
18537,1460,131.0,355.0
18538,1461,132.0,355.0
18541,1513,133.0,356.0
18544,1685,139.0,359.0
18546,1741,139.0,360.0
18551,1742,140.0,360.0
18596,1799,141.0,361.0
18664,1856,143.0,362.0
18682,1857,144.0,362.0
18730,1914,145.0,363.0
18744,1915,146.0,363.0
18775,1971,148.0,364.0
18894,2392,109.0,373.0
18918,2147,113.0,368.0
18975,1606,116.0,358.0
18977,1345,118.0,353.0
18979,1396,118.0,354.0
18981,1447,118.0,355.0
18990,1498,118.0,356.0
18998,1552,118.0,357.0
19003,1608,118.0,358.0
19004,1664,118.0,359.0
19006,1720,118.0,360.0
19008,1776,118.0,361.0
19014,1831,118.0,362.0
19020,1887,118.0,363.0
19028,1941,118.0,364.0
19034,1993,118.0,365.0
19041,2044,118.0,366.0
19047,2097,118.0,367.0
19055,2152,118.0,368.0
19063,2203,118.0,369.0
19069,2204,119.0,369.0
19070,2256,119.0,370.0
19078,2305,119.0,371.0
19094,2402,119.0,373.0
19102,2448,119.0,374.0
19111,2492,119.0,375.0
19118,2534,119.0,376.0
19126,2571,119.0,377.0
19130,2510,156.0,375.0
19137,2509,155.0,375.0
19197,2076,150.0,366.0
19243,2466,154.0,374.0
19245,2465,153.0,374.0
19247,2464,152.0,374.0
19252,2463,151.0,374.0
19259,2462,150.0,374.0
19280,2420,152.0,373.0
19392,2281,153.0,370.0
19430,2181,152.0,368.0
19431,2180,151.0,368.0
19440,2130,151.0,367.0
19489,2124,145.0,367.0
19492,2123,144.0,367.0
19522,2176,142.0,368.0
19549,2175,141.0,368.0
19589,2174,140.0,368.0
19618,2225,140.0,369.0
19627,2224,139.0,369.0
19667,2223,138.0,369.0
19707,2222,137.0,369.0
19719,2274,137.0,370.0
19748,2273,136.0,370.0
19757,2272,135.0,370.0
19769,2320,134.0,371.0
19775,2319,133.0,371.0
19783,2318,132.0,371.0
19786,2368,132.0,372.0
19790,2367,131.0,372.0
19797,2366,130.0,372.0
19804,2365,129.0,372.0
19805,2412,129.0,373.0
19810,2411,128.0,373.0
19817,2410,127.0,373.0
19824,2409,126.0,373.0
19830,2408,125.0,373.0
19833,2407,124.0,373.0
19838,2406,123.0,373.0
19842,2452,123.0,374.0
19843,2451,122.0,374.0
19849,2450,121.0,374.0
19855,2449,120.0,374.0
19870,2447,118.0,374.0
19897,2446,117.0,374.0
19929,2445,116.0,374.0
19960,2444,115.0,374.0
19992,2443,114.0,374.0
20012,2487,114.0,375.0
20025,2486,113.0,375.0
20057,2485,112.0,375.0
20090,2484,111.0,375.0
20093,2483,110.0,375.0
20116,2030,155.0,365.0
20122,2029,154.0,365.0
20131,1975,152.0,364.0
20133,1920,151.0,363.0
20804,1753,151.0,360.0
20860,1754,152.0,360.0
21166,1761,159.0,360.0
21169,2539,124.0,376.0
21173,2540,125.0,376.0
21175,2498,125.0,375.0
21183,2499,126.0,375.0
21184,2456,127.0,374.0
21194,2316,130.0,371.0
21196,2317,131.0,371.0
21202,2269,132.0,370.0
21236,2167,133.0,368.0
21253,2168,134.0,368.0
21316,2169,135.0,368.0
21317,2114,135.0,367.0
21403,2115,136.0,367.0
21451,2062,136.0,366.0
21459,2063,137.0,366.0
21508,2012,137.0,365.0
21512,2013,138.0,365.0
21551,1961,138.0,364.0
21552,1962,139.0,364.0
21618,1909,140.0,363.0
21677,1910,141.0,363.0
22284,1576,142.0,357.0
22290,1575,141.0,357.0
22295,1574,140.0,357.0
22299,1519,139.0,356.0
22301,1518,138.0,356.0
22302,1517,137.0,356.0
22304,1516,136.0,356.0
22305,1514,134.0,356.0
22309,1462,133.0,355.0
22327,1459,130.0,355.0
22329,1457,128.0,355.0
22333,1456,127.0,355.0
22335,1612,122.0,358.0
22336,1611,121.0,358.0
22353,1666,120.0,359.0
22366,1665,119.0,359.0
22368,1721,119.0,360.0
22376,1719,117.0,360.0
22380,1774,116.0,361.0
22396,1988,113.0,365.0
22397,2038,112.0,366.0
22400,2090,111.0,367.0
22407,2145,111.0,368.0
22410,2196,111.0,369.0
22414,2247,110.0,370.0
22420,2140,103.0,368.0
22460,2141,104.0,368.0
22478,2142,105.0,368.0
22599,2192,105.0,369.0
22614,2191,104.0,369.0
22634,2241,104.0,370.0
22642,2337,101.0,372.0
23434,1913,144.0,363.0
23466,2231,152.0,369.0
23474,2280,152.0,370.0
23669,2506,152.0,375.0
23676,2543,152.0,376.0
23980,1778,120.0,361.0
23981,1722,120.0,360.0
23994,1402,124.0,354.0
23998,1687,141.0,359.0
24746,1652,106.0,359.0
24750,1653,107.0,359.0
24766,1709,107.0,360.0
24786,1710,108.0,360.0
24809,1766,108.0,361.0
24813,1767,109.0,361.0
24841,1768,110.0,361.0
24855,1823,110.0,362.0
24870,1824,111.0,362.0
24889,1880,111.0,363.0
24891,1881,112.0,363.0
24893,1708,106.0,360.0
24904,1596,106.0,358.0
24908,1595,105.0,358.0
24913,1597,107.0,358.0
24923,1542,108.0,357.0
24974,2345,109.0,372.0
24977,2296,110.0,371.0
24985,2248,111.0,370.0
24988,2089,110.0,367.0
24993,2036,110.0,366.0
24995,2035,109.0,366.0
24998,1984,109.0,365.0
25227,1821,108.0,362.0
25236,1877,108.0,363.0
25244,2295,109.0,371.0
25970,2511,157.0,375.0
26030,2380,158.0,372.0
26040,2333,157.0,371.0
26109,2419,151.0,373.0
26118,2505,151.0,375.0
26121,2577,152.0,377.0
26124,2542,151.0,376.0
26223,2178,144.0,368.0
26226,2228,143.0,369.0
26228,2227,142.0,369.0
26269,2226,141.0,369.0
26290,2278,141.0,370.0
26317,2277,140.0,370.0
26362,2276,139.0,370.0
26796,1835,122.0,362.0
26806,1780,122.0,361.0
26819,1781,123.0,361.0
26834,1725,123.0,360.0
26859,1669,123.0,359.0
26867,1558,124.0,357.0
26879,1505,125.0,356.0
26880,1454,125.0,355.0
26897,1403,125.0,354.0
26909,1410,132.0,354.0
26916,1411,133.0,354.0
26932,1412,134.0,354.0
26934,1463,134.0,355.0
26946,1628,138.0,358.0
26952,1629,139.0,358.0
26964,1630,140.0,358.0
27240,1837,124.0,362.0
27281,1724,122.0,360.0
27296,1670,124.0,359.0
27298,1631,141.0,358.0
28615,2275,138.0,370.0
28621,2321,135.0,371.0
28664,2455,126.0,374.0
28669,2454,125.0,374.0
28682,2453,124.0,374.0
28711,2494,121.0,375.0
28715,2493,120.0,375.0
28720,2535,120.0,376.0
29261,2306,120.0,371.0
29268,2257,120.0,370.0
29314,2153,119.0,368.0
29337,2098,119.0,367.0
29357,2045,119.0,366.0
29378,1994,119.0,365.0
29399,1942,119.0,364.0
29422,1943,120.0,364.0
29423,1889,120.0,363.0
29448,1890,121.0,363.0
29459,1834,121.0,362.0
29481,1779,121.0,361.0
29502,1723,121.0,360.0
29522,1667,121.0,359.0
29534,1556,122.0,357.0
29538,1503,123.0,356.0
29547,1453,124.0,355.0
29568,1455,126.0,355.0
29574,1458,129.0,355.0
29577,1510,130.0,356.0
29580,1627,137.0,358.0
29581,1684,138.0,359.0
29583,1686,140.0,359.0
30058,2457,128.0,374.0
30440,1677,131.0,359.0
30450,1621,131.0,358.0
30487,1565,131.0,357.0
30501,1564,130.0,357.0
30525,1511,131.0,356.0
30559,1512,132.0,356.0
30711,1362,135.0,353.0
30728,1361,134.0,353.0
30883,1261,134.0,351.0
30885,1213,134.0,350.0
30956,1214,135.0,350.0
30961,1166,135.0,349.0
30966,1167,136.0,349.0
30984,1168,137.0,349.0
30999,1169,138.0,349.0
31010,1171,140.0,349.0
31011,1173,142.0,349.0
31014,1125,142.0,348.0
31024,1126,143.0,348.0
31061,1127,144.0,348.0
31140,1174,143.0,349.0
31242,1175,144.0,349.0
31694,1080,144.0,347.0
31714,1031,144.0,346.0
31722,979,144.0,345.0
31724,924,144.0,344.0
31765,923,143.0,344.0
31767,922,142.0,344.0
31772,866,142.0,343.0
31773,865,141.0,343.0
31848,925,145.0,344.0
31959,807,141.0,342.0
31963,748,142.0,341.0
31968,808,142.0,342.0
32006,867,143.0,343.0
32057,809,143.0,342.0
32129,685,139.0,340.0
32145,686,140.0,340.0
32173,745,139.0,341.0
32736,746,140.0,341.0
32746,747,141.0,341.0
32754,749,143.0,341.0
32759,750,144.0,341.0
32766,690,144.0,340.0
32768,691,145.0,340.0
32777,692,146.0,340.0
32931,632,146.0,339.0
32957,1534,154.0,356.0
32982,1588,154.0,357.0
32983,1535,155.0,356.0
32984,1485,156.0,355.0
32987,1434,156.0,354.0
32988,1433,155.0,354.0
32993,1432,154.0,354.0
32995,1381,154.0,353.0
32999,1380,153.0,353.0
33104,1330,153.0,352.0
33109,1280,153.0,351.0
33111,1232,153.0,350.0
33112,1233,154.0,350.0
33133,1234,155.0,350.0
33175,1235,156.0,350.0
33197,1236,157.0,350.0
33559,1188,157.0,349.0
33560,1189,158.0,349.0
33564,1190,159.0,349.0
33567,1142,159.0,348.0
33570,1143,160.0,348.0
33587,1096,160.0,347.0
33638,1191,160.0,349.0
33728,1238,159.0,350.0
33738,1285,158.0,351.0
33746,1284,157.0,351.0
33752,1334,157.0,352.0
33770,1335,158.0,352.0
33771,1385,158.0,353.0
33882,1333,156.0,352.0
33997,1431,153.0,354.0
33999,1482,153.0,355.0
34010,1483,154.0,355.0
34014,1533,153.0,356.0
34028,1645,155.0,358.0
34032,1331,154.0,352.0
34058,1332,155.0,352.0
34075,1383,156.0,353.0
34940,1464,135.0,355.0
35029,1509,129.0,356.0
35061,1620,130.0,358.0
35080,1676,130.0,359.0
35088,1733,131.0,360.0
35090,1789,131.0,361.0
35094,1845,132.0,362.0
35171,1409,131.0,354.0
35532,1563,129.0,357.0
35536,1562,128.0,357.0
35554,1508,128.0,356.0
35915,1465,136.0,355.0
35928,1417,139.0,354.0
35935,1418,140.0,354.0
35949,1419,141.0,354.0
35965,1420,142.0,354.0
35980,1421,143.0,354.0
35986,1370,143.0,353.0
35996,1371,144.0,353.0
36012,1372,145.0,353.0
36028,1373,146.0,353.0
36042,1374,147.0,353.0
36056,1375,148.0,353.0
36085,1377,150.0,353.0
36401,1426,148.0,354.0
36437,1425,147.0,354.0
36935,1476,147.0,355.0
36949,1475,146.0,355.0
36962,1526,146.0,356.0
36964,1525,145.0,356.0
36975,1524,144.0,356.0
37048,1632,142.0,358.0
37214,1798,140.0,361.0
37227,1797,139.0,361.0
37254,1907,138.0,363.0
37257,1794,136.0,361.0
37276,1793,135.0,361.0
37778,1310,133.0,352.0
37779,1311,134.0,352.0
37868,1260,133.0,351.0
37965,2545,154.0,376.0
37970,2508,154.0,375.0
38489,2065,139.0,366.0
38505,2058,132.0,366.0
38570,2057,131.0,366.0
38608,2008,133.0,365.0
38616,2117,138.0,367.0
38765,2064,138.0,366.0
38785,1960,137.0,364.0
38917,2116,137.0,367.0
39218,1500,120.0,356.0
39219,1450,121.0,355.0
39221,1451,122.0,355.0
39233,1452,123.0,355.0
39633,2186,157.0,368.0
39635,2185,156.0,368.0
39636,2235,156.0,369.0
39694,2421,153.0,373.0
39841,2459,130.0,374.0
39844,2503,130.0,375.0
39845,2460,131.0,374.0
39847,2415,132.0,373.0
39851,2416,133.0,373.0
39853,2370,134.0,372.0
39864,2371,135.0,372.0
39865,2372,136.0,372.0
39872,2322,136.0,371.0
39881,2323,137.0,371.0
39899,2324,138.0,371.0
40055,2177,143.0,368.0
40165,2125,146.0,367.0
40170,2126,147.0,367.0
40583,2544,153.0,376.0
40586,2578,153.0,377.0
40952,2350,114.0,372.0
40959,2351,115.0,372.0
40962,2301,115.0,371.0
40966,2302,116.0,371.0
40974,2303,117.0,371.0
40979,2206,121.0,369.0
40987,2207,122.0,369.0
40991,2157,123.0,368.0
41001,2158,124.0,368.0
41008,2159,125.0,368.0
41013,2104,125.0,367.0
41017,2105,126.0,367.0
41023,2106,127.0,367.0
41031,2107,128.0,367.0
41033,2054,128.0,366.0
41040,2055,129.0,366.0
41047,2056,130.0,366.0
41052,2005,130.0,365.0
41054,2006,131.0,365.0
41059,2007,132.0,365.0
41063,1956,133.0,364.0
41064,1957,134.0,364.0
41796,1584,150.0,357.0
41807,1585,151.0,357.0
42075,1648,158.0,358.0
42082,1649,159.0,358.0
42090,1650,160.0,358.0
42095,1871,158.0,362.0
42102,1814,156.0,361.0
42774,2414,131.0,373.0
42781,2501,128.0,375.0
42782,2500,127.0,375.0
42824,2576,124.0,377.0
42826,2573,121.0,377.0
42828,2536,121.0,376.0
42830,2537,122.0,376.0
42831,2538,123.0,376.0
42840,2497,124.0,375.0
42858,2458,129.0,374.0
42869,2413,130.0,373.0
42885,2369,133.0,372.0
43414,2502,129.0,375.0
43425,2461,132.0,374.0
44581,2135,156.0,367.0
44585,2134,155.0,367.0
45863,1683,137.0,359.0
45867,1682,136.0,359.0
45870,1681,135.0,359.0
45875,1679,133.0,359.0
45878,1622,132.0,358.0
45884,1619,129.0,358.0
45886,1618,128.0,358.0
45887,1561,127.0,357.0
45891,1507,127.0,356.0
45895,1506,126.0,356.0
45906,1504,124.0,356.0
45918,1557,123.0,357.0
45919,1613,123.0,358.0
47170,2061,135.0,366.0
47174,2113,134.0,367.0
47177,2112,133.0,367.0
47185,2166,132.0,368.0
47191,2215,130.0,369.0
47230,2313,127.0,371.0
47262,2361,125.0,372.0
47268,2360,124.0,372.0
47272,2405,122.0,373.0
47290,2491,118.0,375.0
47291,2533,118.0,376.0
47297,2532,117.0,376.0
47301,2531,116.0,376.0
47310,2334,158.0,371.0
47344,2285,157.0,370.0
47762,1762,160.0,360.0
47925,1970,147.0,364.0
47945,1969,146.0,364.0
47966,1968,145.0,364.0
47984,1967,144.0,364.0
48001,2019,144.0,365.0
48004,2018,143.0,365.0
48024,2017,142.0,365.0
48045,2016,141.0,365.0
48060,2015,140.0,365.0
48075,2066,140.0,366.0
48206,2111,132.0,367.0
48223,2110,131.0,367.0
48224,2165,131.0,368.0
48242,2164,130.0,368.0
48260,2163,129.0,368.0
48277,2162,128.0,368.0
48296,2161,127.0,368.0
48298,2212,127.0,369.0
48314,2211,126.0,369.0
48330,2210,125.0,369.0
48349,2209,124.0,369.0
48368,2208,123.0,369.0
48372,2260,123.0,370.0
48386,2259,122.0,370.0
48405,2258,121.0,370.0
48462,2304,118.0,371.0
48507,2352,116.0,372.0
48655,2481,108.0,375.0
48670,2480,107.0,375.0
48689,2479,106.0,375.0
48698,2521,106.0,376.0
48708,2520,105.0,376.0
48725,2519,104.0,376.0
48744,2518,103.0,376.0
48762,2517,102.0,376.0
48778,2516,101.0,376.0
48791,2515,100.0,376.0
48807,2551,99.0,376.0
48899,1966,143.0,364.0
48912,1965,142.0,364.0
48970,2014,139.0,365.0
49040,2060,134.0,366.0
49055,2109,130.0,367.0
49074,2160,126.0,368.0
49106,2255,118.0,370.0
49317,2205,120.0,369.0
49347,2156,122.0,368.0
49388,2103,124.0,367.0
49432,2052,126.0,366.0
49438,2053,127.0,366.0
49475,2003,128.0,365.0
49476,2004,129.0,365.0
49517,1954,131.0,364.0
49533,1955,132.0,364.0
49557,1958,135.0,364.0
49566,1959,136.0,364.0
49577,1963,140.0,364.0
49586,1964,141.0,364.0
49736,1928,159.0,363.0
49753,1663,117.0,359.0
49761,1607,117.0,358.0
49791,1499,119.0,356.0
49798,1448,119.0,355.0
49810,1397,119.0,354.0
49828,1346,119.0,353.0
49841,1347,120.0,353.0
49848,1398,120.0,354.0
49858,1449,120.0,355.0
49883,1553,119.0,357.0
49894,1609,119.0,358.0
49929,1830,117.0,362.0
50114,2307,121.0,371.0
50169,2261,124.0,370.0
50188,2262,125.0,370.0
50205,2263,126.0,370.0
50224,2264,127.0,370.0
50241,2213,128.0,369.0
50259,2214,129.0,369.0
50389,2067,141.0,366.0
50403,2068,142.0,366.0
50453,2021,146.0,365.0
50473,1976,153.0,364.0
50483,1870,157.0,362.0
50490,1872,159.0,362.0
50574,1912,143.0,363.0
50594,1911,142.0,363.0
50656,2011,136.0,365.0
50665,2059,133.0,366.0
50979,2495,122.0,375.0
50982,2496,123.0,375.0
50993,2363,127.0,372.0
50995,2315,129.0,371.0
51364,2549,158.0,376.0
51368,2582,157.0,377.0
51369,2403,120.0,373.0
51461,1995,120.0,365.0
51476,1944,121.0,364.0
51858,1707,105.0,360.0
51881,1651,105.0,359.0
51895,1769,111.0,361.0
51962,1711,109.0,360.0
51985,1598,108.0,358.0
52037,1601,111.0,358.0
52051,1602,112.0,358.0
52062,1603,113.0,358.0
52065,1661,115.0,359.0
52080,1545,111.0,357.0
52084,1544,110.0,357.0
53073,2522,107.0,376.0
53074,2523,108.0,376.0
53076,2524,109.0,376.0
53079,2525,110.0,376.0
53124,2401,118.0,373.0
53136,2404,121.0,373.0
53162,2362,126.0,372.0
53697,2202,117.0,369.0
53700,2201,116.0,369.0
53702,2200,115.0,369.0
53705,2199,114.0,369.0
53709,2251,114.0,370.0
53715,2249,112.0,370.0
53718,2298,112.0,371.0
53719,1589,155.0,357.0
53746,1587,153.0,357.0
53768,1586,152.0,357.0
54923,2550,159.0,376.0
55001,1820,107.0,362.0
55021,1822,109.0,362.0
55056,1825,112.0,362.0
55065,1826,113.0,362.0
55073,1827,114.0,362.0
55084,1772,114.0,361.0
55106,1829,116.0,362.0
55113,1775,117.0,361.0
55127,1777,119.0,361.0
55164,1833,120.0,362.0
55284,1782,124.0,361.0
55320,1783,125.0,361.0
55346,1784,126.0,361.0
55376,1728,126.0,360.0
55377,1729,127.0,360.0
55402,1730,128.0,360.0
55407,1731,129.0,360.0
55416,1732,130.0,360.0
55458,1734,132.0,360.0
55479,1735,133.0,360.0
55493,1736,134.0,360.0
55506,1737,135.0,360.0
55517,1738,136.0,360.0
55534,1739,137.0,360.0
55556,1740,138.0,360.0
57066,1817,159.0,361.0
57107,1538,158.0,356.0
57120,1592,158.0,357.0
57124,1591,157.0,357.0
58349,2556,104.0,377.0
58353,2555,103.0,377.0
58357,2554,102.0,377.0
58532,1705,159.0,359.0
58544,1706,160.0,359.0
60610,2020,145.0,365.0
60623,1699,153.0,359.0
61608,2108,129.0,367.0
61720,2009,134.0,365.0
61741,2010,135.0,365.0
62213,1974,151.0,364.0
62962,2504,150.0,375.0
62972,2541,126.0,376.0
63001,1790,132.0,361.0
63031,1791,133.0,361.0
63068,1792,134.0,361.0
63289,1573,139.0,357.0
63354,1520,140.0,356.0
63371,1521,141.0,356.0
63413,1522,142.0,356.0
63421,1471,142.0,355.0
63454,1472,143.0,355.0
63492,1422,144.0,354.0
63530,1423,145.0,354.0
63542,1324,147.0,352.0
63547,1325,148.0,352.0
63556,1275,148.0,351.0
63573,1277,150.0,351.0
63579,1229,150.0,350.0
63585,1230,151.0,350.0
63600,1231,152.0,350.0
63603,1183,152.0,349.0
63611,1184,153.0,349.0
63613,1185,154.0,349.0
63625,1186,155.0,349.0
63635,1187,156.0,349.0
63641,1139,156.0,348.0
63670,1140,157.0,348.0
63701,1141,158.0,348.0
63823,1473,144.0,355.0
64032,1900,131.0,363.0
64033,2473,100.0,375.0
66667,1726,124.0,360.0
66798,1501,121.0,356.0
66867,1348,121.0,353.0
66882,1298,121.0,352.0
66887,1297,120.0,352.0
66901,1247,120.0,351.0
66929,1199,120.0,350.0
66939,1198,119.0,350.0
66943,1150,119.0,349.0
66951,1296,119.0,352.0
66978,1395,117.0,354.0
66980,1446,117.0,355.0
66995,1497,117.0,356.0
67005,1496,116.0,356.0
67007,1550,116.0,357.0
67029,1605,115.0,358.0
67055,1716,114.0,360.0
67079,1882,113.0,363.0
67130,2197,112.0,369.0
67140,2146,112.0,368.0
67161,2091,112.0,367.0
67180,1987,112.0,365.0
67184,1935,112.0,364.0
67194,1713,111.0,360.0
67195,1657,111.0,359.0
67197,1656,110.0,359.0
67198,1655,109.0,359.0
67268,1599,109.0,358.0
67309,1770,112.0,361.0
74580,1847,134.0,362.0
74592,1795,137.0,361.0
74600,1796,138.0,361.0
75370,2031,156.0,365.0
76581,2032,157.0,365.0
76582,1981,158.0,364.0
76583,1982,159.0,364.0
76975,1906,137.0,363.0
79164,2417,134.0,373.0
79602,2127,148.0,367.0
79621,2230,151.0,369.0
80157,2546,155.0,376.0
80221,2579,154.0,377.0
80586,1253,126.0,351.0
80590,1205,126.0,350.0
80592,1157,126.0,349.0
80650,1678,132.0,359.0
81239,1600,110.0,358.0
81248,1546,112.0,357.0
81254,1547,113.0,357.0
81258,1548,114.0,357.0
81275,1549,115.0,357.0
81296,2580,155.0,377.0
81378,2507,153.0,375.0
81395,2373,151.0,372.0
81512,2154,120.0,368.0
81514,2155,121.0,368.0
83618,2514,99.0,375.0
83650,2472,99.0,374.0
83656,2430,101.0,374.0
83657,2474,101.0,375.0
85988,1873,160.0,362.0
87008,1888,119.0,363.0
87035,1832,119.0,362.0
87130,1668,122.0,359.0
87999,2187,158.0,368.0
90172,2254,117.0,370.0
90856,1671,125.0,359.0
90879,1615,125.0,358.0
90882,1616,126.0,358.0
90905,1560,126.0,357.0
90996,1407,129.0,354.0
91010,1357,130.0,353.0
91028,1308,131.0,352.0
91033,1309,132.0,352.0
91035,1259,132.0,351.0
91045,1211,132.0,350.0
91047,1212,133.0,350.0
91063,1165,134.0,349.0
91074,1116,133.0,348.0
91081,1069,133.0,347.0
91088,1068,132.0,347.0
91091,1019,132.0,346.0
91099,968,133.0,345.0
91110,913,133.0,344.0
91123,857,133.0,343.0
91140,797,131.0,342.0
91148,796,130.0,342.0
91153,795,129.0,342.0
91164,793,127.0,342.0
91171,792,126.0,342.0
91174,791,125.0,342.0
91175,731,125.0,341.0
91179,730,124.0,341.0
91195,943,108.0,345.0
91215,832,108.0,343.0
91222,774,108.0,342.0
91236,775,109.0,342.0
91258,776,110.0,342.0
91276,717,111.0,341.0
91284,718,112.0,341.0
91296,720,114.0,341.0
91299,660,114.0,340.0
91305,661,115.0,340.0
91316,721,115.0,341.0
91330,722,116.0,341.0
91355,723,117.0,341.0
91380,724,118.0,341.0
91395,725,119.0,341.0
91418,726,120.0,341.0
91438,786,120.0,342.0
91442,787,121.0,342.0
91455,788,122.0,342.0
91479,789,123.0,342.0
91503,790,124.0,342.0
91535,849,125.0,343.0
91546,850,126.0,343.0
91564,851,127.0,343.0
91586,852,128.0,343.0
91609,853,129.0,343.0
91633,854,130.0,343.0
91644,910,130.0,344.0
91658,911,131.0,344.0
91681,912,132.0,344.0
91719,914,134.0,344.0
91722,915,135.0,344.0
91723,970,135.0,345.0
91730,971,136.0,345.0
91732,972,137.0,345.0
91735,973,138.0,345.0
91739,974,139.0,345.0
91761,975,140.0,345.0
91766,1027,140.0,346.0
91771,1028,141.0,346.0
91774,1029,142.0,346.0
91782,1030,143.0,346.0
91788,1081,145.0,347.0
91789,1082,146.0,347.0
91795,1083,147.0,347.0
91814,1084,148.0,347.0
91861,1133,150.0,348.0
91875,1134,151.0,348.0
91899,1135,152.0,348.0
91911,1136,153.0,348.0
91916,1137,154.0,348.0
91929,1239,160.0,350.0
93726,2286,158.0,370.0
93748,2236,157.0,369.0
93830,2133,154.0,367.0
95094,1848,135.0,362.0
95100,1902,133.0,363.0
95101,1901,132.0,363.0
95106,1953,130.0,364.0
96834,2184,155.0,368.0
96865,2381,159.0,372.0
98300,2433,104.0,374.0
98526,2300,114.0,371.0
98708,2102,123.0,367.0
98756,2051,125.0,366.0
98808,2002,127.0,365.0
98859,1952,129.0,364.0
98953,1846,133.0,362.0
102583,2101,122.0,367.0
102591,2050,124.0,366.0
102601,2001,126.0,365.0
102616,1551,117.0,357.0
102743,1878,109.0,363.0
102762,1056,120.0,347.0
102768,1006,119.0,346.0
102775,1005,118.0,346.0
102785,952,117.0,345.0
102800,951,116.0,345.0
102808,896,116.0,344.0
102809,895,115.0,344.0
102813,894,114.0,344.0
102852,953,118.0,345.0
102871,1007,120.0,346.0
102875,1057,121.0,347.0
102877,1104,121.0,348.0
102878,1200,121.0,350.0
102887,1246,119.0,351.0
102896,1295,118.0,352.0
102908,1344,117.0,353.0
102911,1343,116.0,353.0
102927,1394,116.0,354.0
102938,1444,115.0,355.0
102940,1443,114.0,355.0
102949,1494,114.0,356.0
102955,1493,113.0,356.0
103025,1654,108.0,359.0
103051,1879,110.0,363.0
103101,2092,113.0,367.0
103113,2039,113.0,366.0
103148,1986,111.0,365.0
103160,1934,111.0,364.0
103170,1933,110.0,364.0
103604,835,111.0,343.0
103606,834,110.0,343.0
103610,833,109.0,343.0
103650,1048,107.0,347.0
103704,1886,117.0,363.0
103734,893,113.0,344.0
103908,1990,115.0,365.0
103943,889,109.0,344.0
104456,1940,117.0,364.0
104457,1939,116.0,364.0
104480,1991,116.0,365.0
104507,2042,116.0,366.0
104531,2095,116.0,367.0
104539,2094,115.0,367.0
104559,2149,115.0,368.0
104739,2391,108.0,373.0
104741,2389,106.0,373.0
104742,2387,104.0,373.0
104743,2386,103.0,373.0
104745,2385,102.0,373.0
104748,2383,100.0,373.0
105425,1581,147.0,357.0
105713,1424,146.0,354.0
105717,1319,142.0,352.0
105719,1269,142.0,351.0
105720,1268,141.0,351.0
105721,1219,140.0,350.0
105780,2359,123.0,372.0
105802,2364,128.0,372.0
107526,2553,101.0,377.0
107616,1583,149.0,357.0
107915,1849,136.0,362.0
107958,1903,134.0,363.0
109057,1532,152.0,356.0
109060,1531,151.0,356.0
109569,1530,150.0,356.0
109721,1529,149.0,356.0
110055,1527,147.0,356.0
110996,1523,143.0,356.0
113647,1851,138.0,362.0
113674,1850,137.0,362.0
114229,1224,145.0,350.0
114235,1272,145.0,351.0
114252,1273,146.0,351.0
114902,1323,146.0,352.0
120174,1470,141.0,355.0
123793,1369,142.0,353.0
123812,1368,141.0,353.0
123818,1318,141.0,352.0
123846,1267,140.0,351.0
124343,1367,140.0,353.0
124362,1317,140.0,352.0
124369,1316,139.0,352.0
124383,1315,138.0,352.0
124386,1265,138.0,351.0
124403,1264,137.0,351.0
124433,1164,133.0,349.0
124444,1163,132.0,349.0
124452,1114,131.0,348.0
124489,1113,130.0,348.0
124534,1112,129.0,348.0
124536,1161,130.0,349.0
124563,1159,128.0,349.0
124577,1207,128.0,350.0
124747,1158,127.0,349.0
124776,1111,128.0,348.0
125598,1366,139.0,353.0
125599,1364,137.0,353.0
125603,1314,137.0,352.0
125618,1263,136.0,351.0
125627,1262,135.0,351.0
125709,1115,132.0,348.0
125716,1067,131.0,347.0
125719,1066,130.0,347.0
125734,1065,129.0,347.0
125760,1064,128.0,347.0
125842,1063,127.0,347.0
126063,966,131.0,345.0
126108,855,131.0,343.0
126238,734,128.0,341.0
126255,735,129.0,341.0
126554,1020,133.0,346.0
126566,1070,134.0,347.0
126576,1216,137.0,350.0
126586,1217,138.0,350.0
126609,1266,139.0,351.0
127356,1018,131.0,346.0
127493,965,130.0,345.0
127699,1118,135.0,348.0
127706,1119,136.0,348.0
129403,1215,136.0,350.0
130195,967,132.0,345.0
130538,858,134.0,343.0
130648,1016,129.0,346.0
131219,1365,138.0,353.0
132484,1208,129.0,350.0
132485,1469,140.0,355.0
137710,2252,115.0,370.0
137758,2150,116.0,368.0
137812,2043,117.0,366.0
137824,1992,117.0,365.0
138064,1248,121.0,351.0
141573,1977,154.0,364.0
141601,1979,156.0,364.0
141621,1980,157.0,364.0
144773,1307,130.0,352.0
144818,119,131.0,329.0
144863,120,132.0,329.0
146927,1818,160.0,361.0
147090,1536,156.0,356.0
147107,1537,157.0,356.0
147145,1539,159.0,356.0
148292,2270,133.0,370.0
148355,2569,117.0,377.0
148682,1883,114.0,363.0
148756,1256,129.0,351.0
148759,1415,137.0,354.0
148764,1416,138.0,354.0
149146,2335,159.0,371.0
149492,1625,135.0,358.0
149497,1624,134.0,358.0
149509,1302,125.0,352.0
149550,1474,145.0,355.0
150032,2041,115.0,366.0
150518,1008,121.0,346.0
150546,955,120.0,345.0
150555,954,119.0,345.0
150582,898,118.0,344.0
150598,897,117.0,344.0
150978,956,121.0,345.0
150995,1009,122.0,346.0
151019,1010,123.0,346.0
151041,1011,124.0,346.0
151050,1012,125.0,346.0
151066,1014,127.0,346.0
151120,1117,134.0,348.0
151171,1120,137.0,348.0
151194,1121,138.0,348.0
151212,1122,139.0,348.0
151223,1170,139.0,349.0
151258,1172,141.0,349.0
151331,1225,146.0,350.0
151355,1226,147.0,350.0
151376,1227,148.0,350.0
151444,1278,151.0,351.0
151460,1279,152.0,351.0
151502,1281,154.0,351.0
151523,1282,155.0,351.0
151544,1283,156.0,351.0
152585,1487,158.0,355.0
152606,1488,159.0,355.0
152627,1489,160.0,355.0
153309,2188,159.0,368.0
154729,1062,126.0,347.0
154733,1061,125.0,347.0
157853,1904,135.0,363.0
157863,1905,136.0,363.0
168850,2488,115.0,375.0
170267,2151,117.0,368.0
170296,2096,117.0,367.0
170537,1610,120.0,358.0
170563,1554,120.0,357.0
171294,1486,157.0,355.0
172658,1951,128.0,364.0
175434,1468,139.0,355.0
175446,1414,136.0,354.0
175449,1363,136.0,353.0
175458,942,107.0,345.0
175469,887,107.0,344.0
175636,2037,111.0,366.0
179022,2000,125.0,365.0
179028,1949,126.0,364.0
179032,1950,127.0,364.0
179034,1896,127.0,363.0
179036,1897,128.0,363.0
179038,1841,128.0,362.0
179040,1842,129.0,362.0
179042,1787,129.0,361.0
179043,1788,130.0,361.0
179075,78,126.0,328.0
179077,243,128.0,332.0
179078,290,128.0,333.0
179079,443,129.0,336.0
179080,499,130.0,337.0
179082,555,130.0,338.0
179085,616,130.0,339.0
179088,677,131.0,340.0
179089,798,132.0,342.0
179235,1258,131.0,351.0
179270,1358,131.0,353.0
180683,1898,129.0,363.0
180698,1899,130.0,363.0
180727,1844,131.0,362.0
180898,1626,136.0,358.0
180943,1572,138.0,357.0
181428,1138,155.0,348.0
181458,1092,156.0,347.0
181480,1093,157.0,347.0
181497,1044,157.0,346.0
181507,1045,158.0,346.0
181537,1046,159.0,346.0
181544,994,159.0,345.0
182331,1555,121.0,357.0
182341,1399,121.0,354.0
182405,1105,122.0,348.0
182638,1428,150.0,354.0
182641,1429,151.0,354.0
182642,1378,151.0,353.0
182643,1379,152.0,353.0
182706,1286,159.0,351.0
183923,1594,160.0,357.0
187559,1590,156.0,357.0
193974,1929,160.0,363.0
195219,1479,150.0,355.0
196870,773,107.0,342.0
196871,712,106.0,341.0
196874,711,105.0,341.0
196889,710,104.0,341.0
196893,650,104.0,340.0
196900,649,103.0,340.0
196917,648,102.0,340.0
196921,588,102.0,339.0
196923,587,101.0,339.0
197745,2526,111.0,376.0
200598,1360,133.0,353.0
200613,1413,135.0,354.0
200630,1466,137.0,355.0
200633,1467,138.0,355.0
204690,1108,125.0,348.0
210269,1162,131.0,349.0
210289,1210,131.0,350.0
210349,1312,135.0,352.0
210354,1313,136.0,352.0
215400,1109,126.0,348.0
223812,1218,139.0,350.0
223845,1320,143.0,352.0
234539,1089,153.0,347.0
234547,1327,150.0,352.0
240675,1013,126.0,346.0
240676,961,126.0,345.0
240680,960,125.0,345.0
247866,1593,159.0,357.0
247882,1540,160.0,356.0
254088,2271,134.0,370.0
254196,2574,122.0,377.0
254197,2575,123.0,377.0
255020,386,124.0,335.0
255022,545,120.0,338.0
255279,544,119.0,338.0
255485,324,112.0,334.0
255487,374,112.0,335.0
255490,375,113.0,335.0
255498,376,114.0,335.0
255503,429,115.0,336.0
255517,430,116.0,336.0
255531,431,117.0,336.0
255541,486,117.0,337.0
255550,487,118.0,337.0
255570,488,119.0,337.0
257480,605,119.0,339.0
257803,546,121.0,338.0
257905,489,120.0,337.0
258117,606,120.0,339.0
259330,607,121.0,339.0
259347,608,122.0,339.0
259363,668,122.0,340.0
259367,669,123.0,340.0
259387,670,124.0,340.0
259425,732,126.0,341.0
259495,909,129.0,344.0
259585,1021,134.0,346.0
259606,1071,135.0,347.0
259839,1321,144.0,352.0
265612,377,115.0,335.0
268785,496,127.0,337.0
268787,495,126.0,337.0
268791,493,124.0,337.0
268794,548,123.0,338.0
268798,547,122.0,338.0
271260,490,121.0,337.0
271306,491,122.0,337.0
271311,436,122.0,336.0
271339,437,123.0,336.0
271350,385,123.0,335.0
271367,336,124.0,334.0
271370,337,125.0,334.0
271387,160,131.0,330.0
271388,159,130.0,330.0
271917,242,127.0,332.0
271926,199,128.0,331.0
271927,200,129.0,331.0
272007,289,127.0,333.0
272009,288,126.0,333.0
272014,338,126.0,334.0
272070,387,125.0,335.0
290997,2287,159.0,370.0
291098,2471,159.0,374.0
295641,2237,158.0,369.0
297383,2427,159.0,373.0
311850,497,128.0,337.0
311896,494,125.0,337.0
333841,2290,104.0,371.0
333865,2340,104.0,372.0
333877,2339,103.0,372.0
333907,2432,103.0,374.0
336733,2344,108.0,372.0
336734,2293,107.0,371.0
336735,2292,106.0,371.0
336736,2243,106.0,370.0
337168,2086,103.0,367.0
337227,2139,102.0,368.0
338400,2242,105.0,370.0
339448,2087,104.0,367.0
340766,2343,107.0,372.0
342613,2190,103.0,369.0
342622,2240,103.0,370.0
342624,2289,103.0,371.0
345909,1181,150.0,349.0
346008,1182,151.0,349.0
346612,1088,152.0,347.0
347120,1039,152.0,346.0
347432,987,152.0,345.0
347761,932,152.0,344.0
347870,931,151.0,344.0
348553,875,151.0,343.0
348739,986,151.0,345.0
348748,1086,150.0,347.0
351071,1074,138.0,347.0
351080,1073,137.0,347.0
351103,1024,137.0,346.0
351113,1023,136.0,346.0
351228,799,133.0,342.0
351260,738,132.0,341.0
351286,737,131.0,341.0
351321,617,131.0,339.0
351357,554,129.0,338.0
351852,2558,106.0,377.0
352924,2327,151.0,371.0
356522,2314,128.0,371.0
356697,678,132.0,340.0
356701,679,133.0,340.0
357671,996,107.0,346.0
358828,1209,130.0,350.0
358869,1156,125.0,349.0
358877,1107,124.0,348.0
358889,1106,123.0,348.0
358901,1058,122.0,347.0
360268,1257,130.0,351.0
360439,1155,124.0,349.0
361809,665,119.0,340.0
361818,543,118.0,338.0
361819,542,117.0,338.0
361821,484,115.0,337.0
361826,428,114.0,336.0
361932,485,116.0,337.0
361972,604,118.0,339.0
362031,666,120.0,340.0
362102,844,120.0,343.0
362129,900,120.0,344.0
362797,2557,105.0,377.0
365188,1568,134.0,357.0
365189,1569,135.0,357.0
365190,1570,136.0,357.0
372171,1484,155.0,355.0
372276,1481,152.0,355.0
373669,2572,120.0,377.0
376267,2570,118.0,377.0
376937,1673,127.0,359.0
376946,1674,128.0,359.0
377378,1727,125.0,360.0
407522,1405,127.0,354.0
407582,1566,132.0,357.0
414874,2547,156.0,376.0
414877,2581,156.0,377.0
418960,1712,110.0,360.0
418980,1714,112.0,360.0
419000,1771,113.0,361.0
422383,1015,128.0,346.0
422388,962,127.0,345.0
422391,906,126.0,344.0
422765,1220,141.0,350.0
422788,1076,140.0,347.0
422789,1075,139.0,347.0
422793,1025,138.0,346.0
422840,207,136.0,331.0
422843,167,138.0,330.0
422844,301,139.0,333.0
422845,351,139.0,334.0
422860,352,140.0,334.0
422865,302,140.0,333.0
422867,303,141.0,333.0
422878,353,141.0,334.0
422886,403,141.0,335.0
422905,299,137.0,333.0
422916,208,137.0,331.0
422940,168,139.0,330.0
422955,169,140.0,330.0
422967,170,141.0,330.0
422976,171,142.0,330.0
422995,129,141.0,329.0
423075,251,136.0,332.0
423081,255,140.0,332.0
423083,256,141.0,332.0
423089,257,142.0,332.0
423149,209,138.0,331.0
423159,206,135.0,331.0
423168,205,134.0,331.0
423178,204,133.0,331.0
423187,203,132.0,331.0
423197,202,131.0,331.0
423205,201,130.0,331.0
423213,156,127.0,330.0
423216,155,126.0,330.0
423220,114,126.0,329.0
423237,441,127.0,336.0
423271,969,134.0,345.0
423344,1022,135.0,346.0
423817,286,124.0,333.0
423820,237,122.0,332.0
423823,194,123.0,331.0
423828,239,124.0,332.0
423833,240,125.0,332.0
423843,500,131.0,337.0
423844,556,131.0,338.0
423850,557,132.0,338.0
423853,618,132.0,339.0
423865,619,133.0,339.0
423884,801,135.0,342.0
423885,916,136.0,344.0
424387,198,127.0,331.0
424390,197,126.0,331.0
424391,196,125.0,331.0
424563,241,126.0,332.0
424590,195,124.0,331.0
424610,287,125.0,333.0
424622,285,123.0,333.0
424626,334,122.0,334.0
424627,335,123.0,334.0
424643,193,122.0,331.0
424645,152,123.0,330.0
424646,151,122.0,330.0
424648,192,121.0,331.0
424678,236,121.0,332.0
424681,284,122.0,333.0
424707,442,128.0,336.0
424708,498,129.0,337.0
424714,800,134.0,342.0
424715,859,135.0,343.0
425430,153,124.0,330.0
429896,238,123.0,332.0
430265,245,130.0,332.0
430266,291,129.0,333.0
430418,1250,123.0,351.0
430419,1249,122.0,351.0
430430,1245,118.0,351.0
430446,1300,123.0,352.0
439425,1072,136.0,347.0
439508,741,135.0,341.0
439517,681,135.0,340.0
439524,680,134.0,340.0
439536,620,134.0,339.0
439576,621,135.0,339.0
439596,503,134.0,337.0
439634,154,125.0,330.0
449452,2559,107.0,377.0
449467,2560,108.0,377.0
449481,2561,109.0,377.0
449496,2562,110.0,377.0
449509,2563,111.0,377.0
449526,2527,112.0,376.0
449540,2528,113.0,376.0
449558,2529,114.0,376.0
449588,2489,116.0,375.0
449603,2490,117.0,375.0
450508,2530,115.0,376.0
453768,1435,157.0,354.0
453783,1436,158.0,354.0
453806,1437,159.0,354.0
453824,1386,159.0,353.0
453827,1387,160.0,353.0
453839,50,157.0,326.0
453851,49,156.0,326.0
453872,48,155.0,326.0
453886,29,155.0,325.0
453916,11,152.0,324.0
453971,66,151.0,327.0
453986,97,150.0,328.0
453991,138,150.0,329.0
453992,137,149.0,329.0
453999,177,148.0,330.0
454017,219,148.0,331.0
454030,357,145.0,334.0
454031,458,144.0,336.0
454052,805,139.0,342.0
454062,804,138.0,342.0
454065,862,138.0,343.0
454078,917,137.0,344.0
454328,1836,123.0,362.0
454371,1891,122.0,363.0
454673,28,154.0,325.0
454729,139,151.0,329.0
454735,180,151.0,330.0
454786,873,149.0,343.0
454798,929,149.0,344.0
454821,984,149.0,345.0
455282,1149,118.0,349.0
455366,836,112.0,343.0
455375,837,113.0,343.0
455384,839,115.0,343.0
455393,840,116.0,343.0
455398,782,116.0,342.0
455404,783,117.0,342.0
455427,784,118.0,342.0
455436,785,119.0,342.0
455473,728,122.0,341.0
455482,729,123.0,341.0
455496,671,125.0,340.0
455503,672,126.0,340.0
455511,673,127.0,340.0
455515,613,127.0,339.0
455519,614,128.0,339.0
455528,615,129.0,339.0
455544,501,132.0,337.0
455552,447,133.0,336.0
455553,448,134.0,336.0
455560,396,134.0,335.0
455562,397,135.0,335.0
455570,398,136.0,335.0
455573,349,137.0,334.0
455587,213,142.0,331.0
455597,214,143.0,331.0
455599,172,143.0,330.0
455603,173,144.0,330.0
455612,174,145.0,330.0
455614,133,145.0,329.0
455619,134,146.0,329.0
455626,94,147.0,328.0
455635,95,148.0,328.0
455642,63,148.0,327.0
455645,64,149.0,327.0
455668,65,150.0,327.0
455680,43,150.0,326.0
455693,44,151.0,326.0
455774,13,154.0,324.0
455785,14,155.0,324.0
455805,17,158.0,324.0
461786,2548,157.0,376.0
463425,1040,153.0,346.0
463455,1041,154.0,346.0
463461,989,154.0,345.0
463482,990,155.0,345.0
463491,935,155.0,344.0
463522,936,156.0,344.0
463533,880,156.0,343.0
463564,881,157.0,343.0
463566,823,157.0,342.0
463592,824,158.0,342.0
463600,764,158.0,341.0
463611,765,159.0,341.0
463618,705,159.0,340.0
463621,939,159.0,344.0
463649,993,158.0,345.0
463827,1329,152.0,352.0
472356,440,126.0,336.0
476552,643,157.0,339.0
476557,642,156.0,339.0
476572,702,156.0,340.0
476574,701,155.0,340.0
476591,761,155.0,341.0
476594,760,154.0,341.0
476605,820,154.0,342.0
476608,819,153.0,342.0
476633,876,152.0,343.0
476736,1035,148.0,346.0
476774,1130,147.0,348.0
476802,1177,146.0,349.0
476823,1176,145.0,349.0
476846,1223,144.0,350.0
476867,1271,144.0,351.0
476871,1270,143.0,351.0
477104,1680,134.0,359.0
477184,1843,130.0,362.0
483695,736,130.0,341.0
483819,553,128.0,338.0
483821,552,127.0,338.0
489811,2583,158.0,377.0
495408,1675,129.0,359.0
499214,24,150.0,325.0
499216,23,149.0,325.0
499219,42,149.0,326.0
499222,41,148.0,326.0
499446,1786,128.0,361.0
499503,10,151.0,324.0
499506,25,151.0,325.0
499521,62,147.0,327.0
499523,61,146.0,327.0
499527,92,145.0,328.0
499528,132,144.0,329.0
499532,131,143.0,329.0
499547,212,141.0,331.0
499551,211,140.0,331.0
499559,254,139.0,332.0
499567,445,131.0,336.0
499571,444,130.0,336.0
499580,551,126.0,338.0
499587,549,124.0,338.0
499591,609,123.0,339.0
499621,664,118.0,340.0
499627,663,117.0,340.0
499630,662,116.0,340.0
499656,719,113.0,341.0
499689,777,111.0,342.0
500149,98,151.0,328.0
500155,1274,147.0,351.0
500871,1154,123.0,349.0
512220,1617,127.0,358.0
520786,1495,115.0,356.0
520823,1445,116.0,355.0
520913,1294,117.0,352.0
520978,1197,118.0,350.0
521025,842,118.0,343.0
521028,841,117.0,343.0
521068,601,115.0,339.0
521085,540,115.0,338.0
521099,483,114.0,337.0
521181,2431,102.0,374.0
522011,602,116.0,339.0
522021,843,119.0,343.0
522023,899,119.0,344.0
558190,1614,124.0,358.0
558203,1559,125.0,357.0
558243,1406,128.0,354.0
558458,860,136.0,343.0
558463,861,137.0,343.0
558488,803,137.0,342.0
558510,744,138.0,341.0
558564,626,140.0,339.0
558587,565,140.0,338.0
558588,566,141.0,338.0
558612,510,141.0,337.0
558616,511,142.0,337.0
558630,456,142.0,336.0
558647,457,143.0,336.0
558655,405,143.0,335.0
558660,355,143.0,334.0
558662,356,144.0,334.0
558677,307,145.0,333.0
558683,260,145.0,332.0
558698,261,146.0,332.0
558705,217,146.0,331.0
558734,218,147.0,331.0
558735,176,147.0,330.0
558743,135,147.0,329.0
558746,136,148.0,329.0
559129,2,154.0,323.0
559135,18,159.0,324.0
559136,1382,155.0,353.0
561852,2253,116.0,370.0
562471,778,112.0,342.0
562508,845,121.0,343.0
562512,846,122.0,343.0
562513,903,123.0,344.0
562547,1305,128.0,352.0
562974,2297,111.0,371.0
563039,2342,106.0,372.0
563067,2338,102.0,372.0
563073,2384,101.0,373.0
563078,2336,100.0,372.0
563083,2382,99.0,372.0
564262,1254,127.0,351.0
564264,1255,128.0,351.0
565013,1306,129.0,352.0
571811,2294,108.0,371.0
573175,2346,110.0,372.0
582065,2585,99.0,377.0
587837,2552,100.0,377.0
591351,2584,159.0,377.0
593128,1438,160.0,354.0
605405,1336,159.0,352.0
605476,1430,152.0,354.0
605498,1480,151.0,355.0
606189,610,124.0,339.0
606195,611,125.0,339.0
606200,612,126.0,339.0
606232,622,136.0,339.0
606252,562,137.0,338.0
606253,567,142.0,338.0
606260,568,143.0,338.0
606267,569,144.0,338.0
606274,570,145.0,338.0
606285,515,146.0,337.0
606290,516,147.0,337.0
606300,517,148.0,337.0
606306,518,149.0,337.0
606462,1222,143.0,350.0
606476,1221,142.0,350.0
606875,727,121.0,341.0
606876,667,121.0,340.0
606889,435,121.0,336.0
606892,383,121.0,335.0
606896,283,121.0,333.0
606901,150,121.0,330.0
606956,333,121.0,334.0
607825,2347,111.0,372.0
608879,1996,121.0,365.0
608896,1997,122.0,365.0
608916,1998,123.0,365.0
608938,1999,124.0,365.0
609684,1351,124.0,353.0
609691,1301,124.0,352.0
609777,1059,123.0,347.0
609810,958,123.0,345.0
609814,847,123.0,343.0
610030,1060,124.0,347.0
611222,1026,139.0,346.0
611326,1077,141.0,347.0
611336,1078,142.0,347.0
611378,1079,143.0,347.0
611813,1129,146.0,348.0
612042,1131,148.0,348.0
619094,2084,158.0,366.0
619545,2049,123.0,366.0
619587,2048,122.0,366.0
619628,2047,121.0,366.0
619660,2100,121.0,367.0
619677,2099,120.0,367.0
619986,1936,113.0,364.0
620071,1985,110.0,365.0
620281,2144,110.0,368.0
625983,1567,133.0,357.0
626092,1350,123.0,353.0
626107,1299,122.0,352.0
626174,1001,114.0,346.0
626190,947,112.0,345.0
626283,946,111.0,345.0
626426,1101,118.0,348.0
649114,2085,159.0,366.0
649941,1179,148.0,349.0
649970,1178,147.0,349.0
650145,1124,141.0,348.0
650158,1123,140.0,348.0
651518,1515,135.0,356.0
651528,1571,137.0,357.0
651982,1492,112.0,356.0
651997,1293,116.0,352.0
652007,1243,116.0,351.0
652009,1244,117.0,351.0
652013,1196,117.0,350.0
652121,1840,127.0,362.0
652156,1839,126.0,362.0
652191,1838,125.0,362.0
652483,1660,114.0,359.0
652488,1659,113.0,359.0
652500,1658,112.0,359.0
665930,1384,157.0,353.0
665956,1337,160.0,352.0
671294,957,122.0,345.0
671296,902,122.0,344.0
671312,901,121.0,344.0
671375,603,117.0,339.0
671854,733,127.0,341.0
672116,863,139.0,343.0
672125,919,139.0,344.0
672148,920,140.0,344.0
672178,921,141.0,344.0
672270,978,143.0,345.0
672306,980,145.0,345.0
672339,981,146.0,345.0
672369,982,147.0,345.0
672403,983,148.0,345.0
672470,1090,154.0,347.0
672492,1091,155.0,347.0
796211,1359,132.0,353.0
824776,1042,155.0,346.0
824778,991,156.0,345.0
824779,937,157.0,344.0
826503,1623,133.0,358.0
830907,878,154.0,343.0
830928,821,155.0,342.0
831290,868,144.0,343.0
831305,757,151.0,341.0
831306,755,149.0,341.0
831307,815,149.0,342.0
831315,872,148.0,343.0
998608,1502,122.0,356.0
1015842,2390,107.0,373.0
1076925,1322,145.0,352.0
1093336,1785,127.0,361.0
1093349,1543,109.0,357.0
1173467,976,141.0,345.0
1187580,2034,159.0,365.0
1194058,713,107.0,341.0
1194088,709,103.0,341.0
1194096,708,102.0,341.0
1194100,707,101.0,341.0
1194110,767,101.0,342.0
1194119,827,101.0,343.0
1194577,51,158.0,326.0
1194590,30,156.0,325.0
1194816,697,151.0,340.0
1197142,1672,126.0,359.0
1197167,1885,116.0,363.0
1247872,2193,106.0,369.0
1248047,2046,120.0,366.0
1248141,1946,123.0,364.0
1248143,1947,124.0,364.0
1248178,1895,126.0,363.0
1260470,674,128.0,340.0
1260504,676,130.0,340.0
1260617,682,136.0,340.0
1260637,683,137.0,340.0
1260657,684,138.0,340.0
1260716,687,141.0,340.0
1260736,688,142.0,340.0
1260755,689,143.0,340.0
1260834,693,147.0,340.0
1260854,694,148.0,340.0
1260873,695,149.0,340.0
1260906,698,152.0,340.0
1260913,699,153.0,340.0
1260923,703,157.0,340.0
1276321,507,138.0,337.0
1276326,452,138.0,336.0
1276327,401,139.0,335.0
1279263,2566,114.0,377.0
1280366,514,145.0,337.0
1280378,459,145.0,336.0
1280395,407,145.0,335.0
1280414,406,144.0,335.0
1280438,306,144.0,333.0
1280464,259,144.0,332.0
1280487,215,144.0,331.0
1280597,90,143.0,328.0
1280601,58,143.0,327.0
1284630,2238,159.0,369.0
1370242,228,157.0,331.0
1370243,227,156.0,331.0
1370268,226,155.0,331.0
1370284,184,155.0,330.0
1370285,183,154.0,330.0
1370308,182,153.0,330.0
1370392,93,146.0,328.0
1370414,60,145.0,327.0
1370427,59,144.0,327.0
1370470,36,143.0,326.0
1370693,571,146.0,338.0
1370770,753,147.0,341.0
1370793,813,147.0,342.0
1370817,871,147.0,343.0
1370842,927,147.0,344.0
1370849,928,148.0,344.0
1380937,742,136.0,341.0
1380944,802,136.0,342.0
1380959,918,138.0,344.0
1394662,2568,116.0,377.0
1394665,2567,115.0,377.0
1402332,581,156.0,338.0
1402343,580,155.0,338.0
1402345,524,155.0,337.0
1402347,523,154.0,337.0
1402367,522,153.0,337.0
1402376,466,152.0,336.0
1402408,464,150.0,336.0
1402430,463,149.0,336.0
1402439,411,149.0,335.0
1402450,410,148.0,335.0
1402460,409,147.0,335.0
1402481,408,146.0,335.0
1402541,354,142.0,334.0
1402552,304,142.0,333.0
1402623,253,138.0,332.0
1402649,298,136.0,333.0
1402656,347,135.0,334.0
1402671,346,134.0,334.0
1402680,345,133.0,334.0
1402683,344,132.0,334.0
1402684,394,132.0,335.0
1402691,393,131.0,335.0
1402721,392,130.0,335.0
1402738,342,130.0,334.0
1402771,341,129.0,334.0
1402834,340,128.0,334.0
1402892,339,127.0,334.0
1402932,389,127.0,335.0
1403057,391,129.0,335.0
1403116,157,128.0,330.0
1472713,541,116.0,338.0
1473138,848,124.0,343.0
1473195,905,125.0,344.0
1473279,907,127.0,344.0
1473333,963,128.0,345.0
1473389,964,129.0,345.0
1488349,2564,112.0,377.0
1499792,1043,156.0,346.0
1499900,1047,160.0,346.0
1508193,1948,125.0,364.0
1519908,54,126.0,327.0
1526765,908,128.0,344.0
1613889,311,149.0,333.0
1613897,263,148.0,332.0
1614011,264,149.0,332.0
1614076,179,150.0,330.0
1614087,221,150.0,331.0
1614188,310,148.0,333.0
1614216,360,148.0,334.0
1614256,359,147.0,334.0
1614415,461,147.0,336.0
1615191,513,144.0,337.0
1615426,627,141.0,339.0
1615429,628,142.0,339.0
1615542,810,144.0,342.0
1616030,631,145.0,339.0
1616481,305,143.0,333.0
1616861,455,141.0,336.0
1656913,1204,125.0,350.0
1661609,369,157.0,334.0
1661613,419,157.0,335.0
1661632,418,156.0,335.0
1661646,470,156.0,336.0
1661667,469,155.0,336.0
1661713,579,154.0,338.0
1661732,578,153.0,338.0
1661745,639,153.0,339.0
1661760,638,152.0,339.0
1661977,1033,146.0,346.0
1661987,1032,145.0,346.0
1665231,877,153.0,343.0
1665287,644,158.0,339.0
1665291,583,158.0,338.0
1665300,584,159.0,338.0
1665304,528,159.0,337.0
1665310,529,160.0,337.0
1665316,474,160.0,336.0
1813883,1094,158.0,347.0
1813922,940,160.0,344.0
1813928,884,160.0,343.0
1813938,370,158.0,334.0
1813941,471,157.0,336.0
1813952,525,156.0,337.0
1813960,640,154.0,339.0
1813969,758,152.0,341.0
1813970,817,151.0,342.0
1814006,1034,147.0,346.0
1814048,1128,145.0,348.0
1816849,1894,125.0,363.0
1829807,115,127.0,329.0
1847992,1604,114.0,358.0
1849893,1765,107.0,361.0
1856961,2565,113.0,377.0
1900906,818,152.0,342.0
1900941,754,148.0,341.0
1900962,752,146.0,341.0
1900966,751,145.0,341.0
1901022,743,137.0,341.0
1901046,740,134.0,341.0
1901171,714,108.0,341.0
1901179,715,109.0,341.0
1901186,716,110.0,341.0
1901201,658,112.0,340.0
1901212,659,113.0,340.0
1901798,577,152.0,338.0
1901827,521,152.0,337.0
1901880,414,152.0,335.0
1901909,364,152.0,334.0
1902101,53,160.0,326.0
1902546,390,128.0,335.0
1902563,79,127.0,328.0
1902670,558,133.0,338.0
1952631,561,136.0,338.0
1952641,451,137.0,336.0
1952646,399,137.0,335.0
1952678,295,133.0,333.0
1952683,247,132.0,332.0
1952693,246,131.0,332.0
1952716,158,129.0,330.0
1952882,116,128.0,329.0
1952964,161,132.0,330.0
1953056,165,136.0,330.0
1953067,166,137.0,330.0
1953227,178,149.0,330.0
1953267,141,153.0,329.0
1953272,142,154.0,329.0
1953274,143,155.0,329.0
1953283,144,156.0,329.0
1953300,146,158.0,329.0
1953310,147,159.0,329.0
1953321,145,157.0,329.0
1953381,164,135.0,330.0
1953624,148,160.0,329.0
1954936,781,115.0,342.0
1954957,600,114.0,339.0
1954985,539,114.0,338.0
1954998,538,113.0,338.0
1955003,482,113.0,337.0
1955027,427,113.0,336.0
1955072,325,113.0,334.0
1957069,128,140.0,329.0
1957076,130,142.0,329.0
1957105,91,144.0,328.0
1964582,426,112.0,336.0
1964589,537,112.0,338.0
1964592,536,111.0,338.0
1965182,706,160.0,340.0
1965186,645,159.0,339.0
1965216,527,158.0,337.0
1965249,472,158.0,336.0
1965273,420,158.0,335.0
1965322,319,157.0,333.0
1965341,318,156.0,333.0
1965357,271,156.0,332.0
1965497,101,154.0,328.0
1965529,69,154.0,327.0
1965550,46,153.0,326.0
1965599,9,150.0,324.0
1966042,959,124.0,345.0
1969645,368,156.0,334.0
1969762,22,148.0,325.0
1969785,40,147.0,326.0
1969966,111,123.0,329.0
1970180,382,120.0,335.0
1970183,381,119.0,335.0
1970190,433,119.0,336.0
1970196,432,118.0,336.0
1970479,384,122.0,335.0
1970507,434,120.0,336.0
1972285,2388,105.0,373.0
1996375,995,160.0,345.0
1997726,1401,123.0,354.0
1997739,1349,122.0,353.0
2022473,2341,105.0,372.0
2022475,2291,105.0,371.0
2024349,110,122.0,329.0
2026240,2418,150.0,373.0
2079703,506,137.0,337.0
2085518,635,149.0,339.0
2085543,574,149.0,338.0
2087892,814,148.0,342.0
2087894,412,150.0,335.0
2087898,362,150.0,334.0
2087914,312,150.0,333.0
2087933,266,151.0,332.0
2088229,21,147.0,325.0
2088245,20,146.0,325.0
2088252,39,146.0,326.0
2088259,37,144.0,326.0
2089407,575,150.0,338.0
2089420,519,150.0,337.0
2089644,222,151.0,331.0
2095138,38,145.0,326.0
2096902,630,144.0,339.0
2096912,512,143.0,337.0
2097039,258,143.0,332.0
2097182,57,142.0,327.0
2097183,89,142.0,328.0
2097274,502,133.0,337.0
2098870,8,149.0,324.0
2098935,35,142.0,326.0
2100444,88,141.0,328.0
2100554,210,139.0,331.0
2100620,300,138.0,333.0
2100628,350,138.0,334.0
2100691,449,135.0,336.0
2127177,492,123.0,337.0
2127200,438,124.0,336.0
2127505,388,126.0,335.0
2128533,446,132.0,336.0
2128541,343,131.0,334.0
2128549,292,130.0,333.0
2128570,244,129.0,332.0
2212412,623,137.0,339.0
2212429,624,138.0,339.0
2246602,453,139.0,336.0
2259701,479,110.0,337.0
2259708,424,110.0,336.0
2259710,425,111.0,336.0
2259736,373,111.0,335.0
2259784,480,111.0,337.0
2259786,535,110.0,338.0
2259796,534,109.0,338.0
2260040,596,110.0,339.0
2261627,1945,122.0,364.0
2289744,1715,113.0,360.0
2289798,1491,111.0,356.0
2289814,1439,110.0,355.0
2290438,1388,110.0,354.0
2299119,1328,151.0,352.0
2300815,1932,109.0,364.0
2309183,281,119.0,333.0
2310885,282,120.0,333.0
2310978,235,120.0,332.0
2311416,191,120.0,331.0
2311609,149,120.0,330.0
2314493,249,134.0,332.0
2316277,560,135.0,338.0
2316308,348,136.0,334.0
2316557,563,138.0,338.0
2316563,625,139.0,339.0
2316633,806,140.0,342.0
2316643,864,140.0,343.0
2317291,629,143.0,339.0
2317392,297,135.0,333.0
2317394,296,134.0,333.0
2317407,294,132.0,333.0
2317426,293,131.0,333.0
2319057,564,139.0,338.0
2319062,508,139.0,337.0
2319448,252,137.0,332.0
2319701,400,138.0,335.0
2321932,280,118.0,333.0
2321934,331,119.0,334.0
2345248,1393,115.0,354.0
2348225,1392,114.0,354.0
2348262,1342,115.0,353.0
2352080,1892,123.0,363.0
2352083,1893,124.0,363.0
2369305,2288,102.0,371.0
2369460,1931,108.0,364.0
2369490,1930,107.0,364.0
2370120,1490,110.0,356.0
2380250,1147,116.0,349.0
2415984,1874,105.0,363.0
2425146,1983,108.0,365.0
2433371,1819,106.0,362.0
2433374,1875,106.0,363.0
2445719,2189,102.0,369.0
2445985,2194,107.0,369.0
2445998,2244,107.0,370.0
2446029,2245,108.0,370.0
2446073,2246,109.0,370.0
2454594,2229,144.0,369.0
2458736,2326,140.0,371.0
2461559,2143,106.0,368.0
2462649,2195,108.0,369.0
2540478,1400,122.0,354.0
2590543,367,155.0,334.0
2590549,366,154.0,334.0
2590557,365,153.0,334.0
2590583,309,147.0,333.0
2590637,162,133.0,330.0
2590860,52,159.0,326.0
2591110,308,146.0,333.0
2591712,127,139.0,329.0
2591714,87,140.0,328.0
2592099,56,141.0,327.0
2626566,1087,151.0,347.0
2646665,869,145.0,343.0
2646690,811,145.0,342.0
2646764,812,146.0,342.0
2652964,272,157.0,332.0
2655772,504,135.0,337.0
2655787,395,133.0,335.0
2675077,1442,113.0,355.0
2733534,582,157.0,338.0
2752334,938,158.0,344.0
2752337,883,159.0,343.0
2871952,118,130.0,329.0
2872163,216,145.0,331.0
2872174,175,146.0,330.0
2872244,1237,158.0,350.0
2922914,2088,105.0,367.0
2923111,2428,99.0,373.0
2923299,3,155.0,323.0
2923303,4,156.0,323.0
2940030,704,158.0,340.0
2987887,598,112.0,339.0
2987890,599,113.0,339.0
3026063,655,109.0,340.0
3026065,654,108.0,340.0
3026075,653,107.0,340.0
3026079,652,106.0,340.0
3026082,651,105.0,340.0
3075224,1440,111.0,355.0
3079134,1441,112.0,355.0
3089804,1764,106.0,361.0
3089806,1763,105.0,361.0
3094196,1390,112.0,354.0
3094199,1389,111.0,354.0
3188958,2279,142.0,370.0
3273184,1876,107.0,363.0
3310731,586,100.0,339.0
3459776,1038,151.0,346.0
3459974,977,142.0,345.0
3471290,250,135.0,332.0
3471298,248,133.0,332.0
3483251,904,124.0,344.0
3528337,772,106.0,342.0
3528345,771,105.0,342.0
3528483,838,114.0,343.0
3616775,96,149.0,328.0
3616828,262,147.0,332.0
3616845,358,146.0,334.0
3735554,1541,107.0,357.0
3737019,47,154.0,326.0
3737025,70,155.0,327.0
3814596,870,146.0,343.0
3814636,926,146.0,344.0
3815801,402,140.0,335.0
3846158,439,125.0,336.0
3846167,550,125.0,338.0
3848660,404,142.0,335.0
3852250,454,140.0,336.0
3891700,378,116.0,335.0
3934696,641,155.0,339.0
3935019,573,148.0,338.0
3935041,572,147.0,338.0
3935211,450,136.0,336.0
3963162,992,157.0,345.0
3978893,2179,150.0,368.0
3990440,933,153.0,344.0
4001618,882,158.0,343.0
4001641,825,159.0,342.0
4001644,826,160.0,342.0
4001658,766,160.0,341.0
4001953,762,156.0,341.0
4038254,1287,160.0,351.0
4052926,462,148.0,336.0
4052944,460,146.0,336.0
4118115,76,122.0,328.0
4182062,332,120.0,334.0
4182091,113,125.0,329.0
4318758,361,149.0,334.0
4327997,634,148.0,339.0
4444490,526,157.0,337.0
4504566,780,114.0,342.0
4504574,779,113.0,342.0
4608654,509,140.0,337.0
4610353,380,118.0,335.0
4610354,379,117.0,335.0
4610929,329,117.0,334.0
4863317,330,118.0,334.0
4863327,326,114.0,334.0
4863330,327,115.0,334.0
4890552,112,124.0,329.0
4945597,265,150.0,332.0
5042445,763,157.0,341.0
5042454,822,156.0,342.0
5042465,879,155.0,343.0
5042490,934,154.0,344.0
5042528,988,153.0,345.0
5129761,759,153.0,341.0
5234886,100,153.0,328.0
5234895,102,155.0,328.0
5234896,103,156.0,328.0
5234907,104,157.0,328.0
5234916,105,158.0,328.0
5255254,72,157.0,327.0
5255256,71,156.0,327.0
5257371,768,102.0,342.0
5275503,273,158.0,332.0
5275552,225,154.0,331.0
5275557,224,153.0,331.0
5276296,656,110.0,340.0
5276356,657,111.0,340.0
5276362,597,111.0,339.0
5289555,505,136.0,337.0
5298663,163,134.0,330.0
5298691,123,135.0,329.0
5298708,124,136.0,329.0
5298726,125,137.0,329.0
5298737,126,138.0,329.0
5298740,86,139.0,328.0
5364194,2429,100.0,374.0
5377039,5,157.0,323.0
5377042,6,158.0,323.0
5396346,121,133.0,329.0
5396362,122,134.0,329.0
5396525,415,153.0,335.0
5396528,416,154.0,335.0
5399565,633,147.0,339.0
5399780,75,160.0,327.0
5400671,77,125.0,328.0
5400965,117,129.0,329.0
5401173,700,154.0,340.0
5638542,770,104.0,342.0
5952539,2129,150.0,367.0
6131438,220,149.0,331.0
6230328,468,154.0,336.0
6358567,417,155.0,335.0
6398719,108,120.0,329.0
7170190,1292,115.0,352.0
7595091,1095,159.0,347.0
8628558,234,119.0,332.0
8628578,328,116.0,334.0
8628681,279,117.0,333.0
8628695,233,118.0,332.0
8628708,109,121.0,329.0
8629206,278,116.0,333.0
8629210,190,119.0,331.0
8768171,421,159.0,335.0
8768191,371,159.0,334.0
8768204,372,160.0,334.0
8768218,322,160.0,333.0
9401377,585,160.0,338.0
9464440,317,155.0,333.0
9464443,270,155.0,332.0
9701571,1341,114.0,353.0
9927842,68,153.0,327.0
9929956,269,154.0,332.0
9929975,268,153.0,332.0
9942828,646,160.0,339.0
9948599,2128,149.0,367.0
10003808,1391,113.0,354.0
10796803,321,159.0,333.0
11783642,2325,139.0,371.0
12869392,481,112.0,337.0
12931337,769,103.0,342.0
12931354,830,106.0,343.0
12931364,831,107.0,343.0
13168441,232,117.0,332.0
13168978,277,115.0,333.0
13652826,74,159.0,327.0
13656458,467,153.0,336.0
13691361,315,153.0,333.0
14850149,320,158.0,333.0
15680560,2239,102.0,370.0
15790653,73,158.0,327.0
15791892,316,154.0,333.0
15926500,589,103.0,339.0
15947784,828,104.0,343.0
15949836,1195,116.0,350.0
15949845,1148,117.0,349.0
15989699,886,106.0,344.0
16072771,274,159.0,332.0
16944325,829,105.0,343.0
17038060,275,160.0,332.0
17668505,276,114.0,333.0
17749417,1052,116.0,347.0
17817719,1049,108.0,347.0
17848012,85,138.0,328.0
17848035,55,140.0,327.0
17848400,19,145.0,325.0
17851511,84,137.0,328.0
17964837,422,160.0,335.0
18238875,107,160.0,328.0
18242868,188,159.0,330.0
18242871,189,160.0,330.0
19073483,185,156.0,330.0
19073503,186,157.0,330.0
19073521,187,158.0,330.0
19073537,229,158.0,331.0
19073540,230,159.0,331.0
19073557,231,160.0,331.0
19568531,7,148.0,324.0
19909574,106,159.0,328.0
20928054,81,129.0,328.0
20928069,80,128.0,328.0
24241107,590,104.0,339.0
24486348,647,101.0,340.0
24554086,941,106.0,345.0
24571199,1194,115.0,350.0
24571202,1242,115.0,351.0
24571216,1241,114.0,351.0
24571222,1291,114.0,352.0
24571231,1290,113.0,352.0
24571237,1340,113.0,353.0
24571240,1339,112.0,353.0
24580258,945,110.0,345.0
24580283,999,112.0,346.0
24580285,1000,113.0,346.0
24580336,1051,115.0,347.0
24580360,1099,116.0,348.0
24580363,1100,117.0,348.0
24580523,1289,112.0,352.0
24580579,1338,111.0,353.0
24586039,944,109.0,345.0
24648845,473,159.0,336.0
24733885,998,109.0,346.0
26510021,83,131.0,328.0
26555385,82,130.0,328.0
27031381,1240,112.0,351.0
27189707,595,109.0,339.0
27189725,594,108.0,339.0
27192475,885,105.0,344.0
27240436,591,105.0,339.0
27240443,530,104.0,338.0
27240444,531,105.0,338.0
27240457,476,104.0,337.0
27240473,475,103.0,337.0
27240494,592,106.0,339.0
27240734,593,107.0,339.0
27240748,532,106.0,338.0
27240756,477,106.0,337.0
27240760,478,107.0,337.0
27240867,1288,111.0,352.0
27240915,1193,113.0,350.0
27240918,1192,112.0,350.0
27240928,1146,112.0,349.0
27240932,1145,111.0,349.0
27240950,1097,109.0,348.0
27240955,1050,109.0,347.0
27241020,533,107.0,338.0
27241270,1098,110.0,348.0
27241274,1144,110.0,349.0
27242751,423,104.0,336.0
