,index,target,next_status_60_column,next_status_60_row
0,72,0,152.0,323.0
1,71,1,153.0,323.0
2,1830,2,154.0,323.0
3,2202,8,149.0,324.0
4,2161,9,150.0,324.0
5,1768,10,151.0,324.0
6,1663,11,152.0,324.0
7,70,12,153.0,324.0
8,1722,13,154.0,324.0
9,1723,14,155.0,324.0
10,73,15,156.0,324.0
11,2189,20,146.0,325.0
12,2188,21,147.0,325.0
13,2164,22,148.0,325.0
14,1764,23,149.0,325.0
15,1763,24,150.0,325.0
16,1769,25,151.0,325.0
17,68,26,152.0,325.0
18,69,27,153.0,325.0
19,1678,28,154.0,325.0
20,1662,29,155.0,325.0
21,1971,30,156.0,325.0
22,74,31,157.0,325.0
23,75,32,158.0,325.0
24,76,33,159.0,325.0
25,2203,35,142.0,326.0
26,2016,36,143.0,326.0
27,2191,37,144.0,326.0
28,2195,38,145.0,326.0
29,2190,39,146.0,326.0
30,2165,40,147.0,326.0
31,1766,41,148.0,326.0
32,1765,42,149.0,326.0
33,1720,43,150.0,326.0
34,1721,44,151.0,326.0
35,67,45,152.0,326.0
36,2160,46,153.0,326.0
37,2312,47,154.0,326.0
38,1661,48,155.0,326.0
39,1660,49,156.0,326.0
40,1659,50,157.0,326.0
41,1970,51,158.0,326.0
42,2199,57,142.0,327.0
43,2006,58,143.0,327.0
44,2015,59,144.0,327.0
45,2014,60,145.0,327.0
46,1771,61,146.0,327.0
47,1770,62,147.0,327.0
48,1717,63,148.0,327.0
49,1718,64,149.0,327.0
50,1719,65,150.0,327.0
51,1664,66,151.0,327.0
52,66,67,152.0,327.0
53,2381,68,153.0,327.0
54,2159,69,154.0,327.0
55,2313,70,155.0,327.0
56,2359,71,156.0,327.0
57,2358,72,157.0,327.0
58,2391,73,158.0,327.0
59,2386,74,159.0,327.0
60,2334,76,122.0,328.0
61,1358,78,126.0,328.0
62,2125,79,127.0,328.0
63,2204,88,141.0,328.0
64,2200,89,142.0,328.0
65,2005,90,143.0,328.0
66,2151,91,144.0,328.0
67,1772,92,145.0,328.0
68,2013,93,146.0,328.0
69,1715,94,147.0,328.0
70,1716,95,148.0,328.0
71,2308,96,149.0,328.0
72,1665,97,150.0,328.0
73,1788,98,151.0,328.0
74,65,99,152.0,328.0
75,2354,100,153.0,328.0
76,2158,101,154.0,328.0
77,2355,102,155.0,328.0
78,2356,104,157.0,328.0
79,2357,105,158.0,328.0
80,2378,109,121.0,329.0
81,2179,110,122.0,329.0
82,2166,111,123.0,329.0
83,2347,112,124.0,329.0
84,2336,113,125.0,329.0
85,1592,114,126.0,329.0
86,2105,115,127.0,329.0
87,2134,116,128.0,329.0
88,2370,117,129.0,329.0
89,2281,118,130.0,329.0
90,1286,119,131.0,329.0
91,1287,120,132.0,329.0
92,2270,127,139.0,329.0
93,2149,128,140.0,329.0
94,1578,129,141.0,329.0
95,2150,130,142.0,329.0
96,1774,131,143.0,329.0
97,1773,132,144.0,329.0
98,1713,133,145.0,329.0
99,1714,134,146.0,329.0
100,1828,135,147.0,329.0
101,1829,136,148.0,329.0
102,1667,137,149.0,329.0
103,1666,138,150.0,329.0
104,1679,139,151.0,329.0
105,64,140,152.0,329.0
106,2139,141,153.0,329.0
107,2140,142,154.0,329.0
108,2141,143,155.0,329.0
109,2142,144,156.0,329.0
110,2233,149,120.0,330.0
111,1875,150,121.0,330.0
112,1619,151,122.0,330.0
113,1618,152,123.0,330.0
114,1627,153,124.0,330.0
115,1642,154,125.0,330.0
116,1591,155,126.0,330.0
117,1590,156,127.0,330.0
118,2057,157,128.0,330.0
119,2133,158,129.0,330.0
120,1466,159,130.0,330.0
121,1465,160,131.0,330.0
122,2135,161,132.0,330.0
123,2268,162,133.0,330.0
124,2366,163,134.0,330.0
125,2143,164,135.0,330.0
126,2136,165,136.0,330.0
127,2137,166,137.0,330.0
128,1564,167,138.0,330.0
129,1574,168,139.0,330.0
130,1575,169,140.0,330.0
131,1576,170,141.0,330.0
132,1577,171,142.0,330.0
133,1710,172,143.0,330.0
134,1711,173,144.0,330.0
135,1712,174,145.0,330.0
136,2283,175,146.0,330.0
137,1827,176,147.0,330.0
138,1668,177,148.0,330.0
139,2138,178,149.0,330.0
140,2071,179,150.0,330.0
141,1680,180,151.0,330.0
142,63,181,152.0,330.0
143,2012,182,153.0,330.0
144,2011,183,154.0,330.0
145,2010,184,155.0,330.0
146,2379,190,119.0,331.0
147,2232,191,120.0,331.0
148,1620,192,121.0,331.0
149,1617,193,122.0,331.0
150,1598,194,123.0,331.0
151,1612,195,124.0,331.0
152,1610,196,125.0,331.0
153,1609,197,126.0,331.0
154,1608,198,127.0,331.0
155,1468,199,128.0,331.0
156,1469,200,129.0,331.0
157,1589,201,130.0,331.0
158,1588,202,131.0,331.0
159,1587,203,132.0,331.0
160,1586,204,133.0,331.0
161,1585,205,134.0,331.0
162,1584,206,135.0,331.0
163,1563,207,136.0,331.0
164,1573,208,137.0,331.0
165,1583,209,138.0,331.0
166,2205,210,139.0,331.0
167,1776,211,140.0,331.0
168,1775,212,141.0,331.0
169,1708,213,142.0,331.0
170,1709,214,143.0,331.0
171,2004,215,144.0,331.0
172,2282,216,145.0,331.0
173,1825,217,146.0,331.0
174,1826,218,147.0,331.0
175,1669,219,148.0,331.0
176,2372,220,149.0,331.0
177,2072,221,150.0,331.0
178,2194,222,151.0,331.0
179,62,223,152.0,331.0
180,2362,224,153.0,331.0
181,2361,225,154.0,331.0
182,2009,226,155.0,331.0
183,2008,227,156.0,331.0
184,2377,233,118.0,332.0
185,2374,234,119.0,332.0
186,2231,235,120.0,332.0
187,1621,236,121.0,332.0
188,1597,237,122.0,332.0
189,1628,238,123.0,332.0
190,1599,239,124.0,332.0
191,1600,240,125.0,332.0
192,1611,241,126.0,332.0
193,1467,242,127.0,332.0
194,1359,243,128.0,332.0
195,2215,244,129.0,332.0
196,1629,245,130.0,332.0
197,2132,246,131.0,332.0
198,2131,247,132.0,332.0
199,2303,248,133.0,332.0
200,2234,249,134.0,332.0
201,2302,250,135.0,332.0
202,1579,251,136.0,332.0
203,2248,252,137.0,332.0
204,2042,253,138.0,332.0
205,1777,254,139.0,332.0
206,1580,255,140.0,332.0
207,1581,256,141.0,332.0
208,1582,257,142.0,332.0
209,2198,258,143.0,332.0
210,2003,259,144.0,332.0
211,1823,260,145.0,332.0
212,1824,261,146.0,332.0
213,2309,262,147.0,332.0
214,2069,263,148.0,332.0
215,2070,264,149.0,332.0
216,2348,265,150.0,332.0
217,2187,266,151.0,332.0
218,61,267,152.0,332.0
219,2383,268,153.0,332.0
220,2382,269,154.0,332.0
221,2380,270,155.0,332.0
222,2157,271,156.0,332.0
223,2275,272,157.0,332.0
224,2360,273,158.0,332.0
225,2376,279,117.0,333.0
226,2250,280,118.0,333.0
227,2229,281,119.0,333.0
228,2230,282,120.0,333.0
229,1874,283,121.0,333.0
230,1622,284,122.0,333.0
231,1614,285,123.0,333.0
232,1596,286,124.0,333.0
233,1613,287,125.0,333.0
234,1471,288,126.0,333.0
235,1470,289,127.0,333.0
236,1360,290,128.0,333.0
237,1630,291,129.0,333.0
238,2214,292,130.0,333.0
239,2245,293,131.0,333.0
240,2244,294,132.0,333.0
241,2130,295,133.0,333.0
242,2243,296,134.0,333.0
243,2242,297,135.0,333.0
244,2043,298,136.0,333.0
245,1572,299,137.0,333.0
246,2206,300,138.0,333.0
247,1565,301,139.0,333.0
248,1568,302,140.0,333.0
249,1569,303,141.0,333.0
250,2041,304,142.0,333.0
251,2082,305,143.0,333.0
252,2002,306,144.0,333.0
253,1822,307,145.0,333.0
254,2269,308,146.0,333.0
255,2267,309,147.0,333.0
256,2073,310,148.0,333.0
257,2068,311,149.0,333.0
258,2186,312,150.0,333.0
259,59,313,151.0,333.0
260,60,314,152.0,333.0
261,2388,315,153.0,333.0
262,2156,318,156.0,333.0
263,2155,319,157.0,333.0
264,2389,320,158.0,333.0
265,2385,321,159.0,333.0
266,139,323,111.0,334.0
267,1428,324,112.0,334.0
268,2148,325,113.0,334.0
269,2345,326,114.0,334.0
270,2346,327,115.0,334.0
271,2375,328,116.0,334.0
272,2251,331,119.0,334.0
273,2335,332,120.0,334.0
274,1876,333,121.0,334.0
275,1615,334,122.0,334.0
276,1616,335,123.0,334.0
277,1463,336,124.0,334.0
278,1464,337,125.0,334.0
279,1472,338,126.0,334.0
280,2054,339,127.0,334.0
281,2053,340,128.0,334.0
282,2052,341,129.0,334.0
283,2051,342,130.0,334.0
284,2213,343,131.0,334.0
285,2047,344,132.0,334.0
286,2046,345,133.0,334.0
287,2045,346,134.0,334.0
288,2044,347,135.0,334.0
289,2236,348,136.0,334.0
290,1707,349,137.0,334.0
291,2207,350,138.0,334.0
292,1566,351,139.0,334.0
293,1567,352,140.0,334.0
294,1570,353,141.0,334.0
295,2040,354,142.0,334.0
296,1820,355,143.0,334.0
297,1821,356,144.0,334.0
298,1670,357,145.0,334.0
299,2310,358,146.0,334.0
300,2075,359,147.0,334.0
301,2074,360,148.0,334.0
302,2337,361,149.0,334.0
303,2185,362,150.0,334.0
304,58,363,151.0,334.0
305,2123,364,152.0,334.0
306,2266,365,153.0,334.0
307,2265,366,154.0,334.0
308,2264,367,155.0,334.0
309,2163,368,156.0,334.0
310,2084,369,157.0,334.0
311,2220,373,111.0,335.0
312,1429,374,112.0,335.0
313,1430,375,113.0,335.0
314,1431,376,114.0,335.0
315,1452,377,115.0,335.0
316,2321,378,116.0,335.0
317,2344,379,117.0,335.0
318,2343,380,118.0,335.0
319,2168,381,119.0,335.0
320,2167,382,120.0,335.0
321,1873,383,121.0,335.0
322,2171,384,122.0,335.0
323,1462,385,123.0,335.0
324,1425,386,124.0,335.0
325,1473,387,125.0,335.0
326,2211,388,126.0,335.0
327,2055,389,127.0,335.0
328,2124,390,128.0,335.0
329,2056,391,129.0,335.0
330,2050,392,130.0,335.0
331,2049,393,131.0,335.0
332,2048,394,132.0,335.0
333,2277,395,133.0,335.0
334,1704,396,134.0,335.0
335,1705,397,135.0,335.0
336,1706,398,136.0,335.0
337,2129,399,137.0,335.0
338,2249,400,138.0,335.0
339,1996,401,139.0,335.0
340,2316,402,140.0,335.0
341,1571,403,141.0,335.0
342,2319,404,142.0,335.0
343,1819,405,143.0,335.0
344,2001,406,144.0,335.0
345,2000,407,145.0,335.0
346,2039,408,146.0,335.0
347,2038,409,147.0,335.0
348,2037,410,148.0,335.0
349,2036,411,149.0,335.0
350,2184,412,150.0,335.0
351,57,413,151.0,335.0
352,2122,414,152.0,335.0
353,2368,415,153.0,335.0
354,2086,418,156.0,335.0
355,2085,419,157.0,335.0
356,2219,425,111.0,336.0
357,2147,427,113.0,336.0
358,1532,428,114.0,336.0
359,1432,429,115.0,336.0
360,1433,430,116.0,336.0
361,1434,431,117.0,336.0
362,2170,432,118.0,336.0
363,2169,433,119.0,336.0
364,2172,434,120.0,336.0
365,1872,435,121.0,336.0
366,1460,436,122.0,336.0
367,1461,437,123.0,336.0
368,2210,438,124.0,336.0
369,2317,439,125.0,336.0
370,1739,440,126.0,336.0
371,1593,441,127.0,336.0
372,1623,442,128.0,336.0
373,1361,443,129.0,336.0
374,1779,444,130.0,336.0
375,1778,445,131.0,336.0
376,2212,446,132.0,336.0
377,1702,447,133.0,336.0
378,1703,448,134.0,336.0
379,2208,449,135.0,336.0
380,2325,450,136.0,336.0
381,2128,451,137.0,336.0
382,1995,452,138.0,336.0
383,2218,453,139.0,336.0
384,2320,454,140.0,336.0
385,1817,456,142.0,336.0
386,1818,457,143.0,336.0
387,1671,458,144.0,336.0
388,1999,459,145.0,336.0
389,2333,460,146.0,336.0
390,2076,461,147.0,336.0
391,2332,462,148.0,336.0
392,2035,463,149.0,336.0
393,2034,464,150.0,336.0
394,56,465,151.0,336.0
395,2033,466,152.0,336.0
396,2387,467,153.0,336.0
397,2097,471,157.0,336.0
398,2221,480,111.0,337.0
399,1800,483,114.0,337.0
400,1531,484,115.0,337.0
401,1533,485,116.0,337.0
402,1435,486,117.0,337.0
403,1436,487,118.0,337.0
404,1437,488,119.0,337.0
405,1440,489,120.0,337.0
406,1458,490,121.0,337.0
407,1459,491,122.0,337.0
408,2209,492,123.0,337.0
409,1455,493,124.0,337.0
410,1479,494,125.0,337.0
411,1454,495,126.0,337.0
412,1453,496,127.0,337.0
413,1478,497,128.0,337.0
414,1624,498,129.0,337.0
415,1362,499,130.0,337.0
416,1601,500,131.0,337.0
417,1701,501,132.0,337.0
418,2201,502,133.0,337.0
419,1641,503,134.0,337.0
420,2276,504,135.0,337.0
421,2365,505,136.0,337.0
422,2180,506,137.0,337.0
423,1994,507,138.0,337.0
424,2247,508,139.0,337.0
425,2342,509,140.0,337.0
426,1815,510,141.0,337.0
427,1816,511,142.0,337.0
428,2197,512,143.0,337.0
429,2077,513,144.0,337.0
430,1998,514,145.0,337.0
431,1865,515,146.0,337.0
432,1866,516,147.0,337.0
433,1867,518,149.0,337.0
434,2193,519,150.0,337.0
435,55,520,151.0,337.0
436,2121,521,152.0,337.0
437,2032,522,153.0,337.0
438,2031,523,154.0,337.0
439,2030,524,155.0,337.0
440,2098,525,156.0,337.0
441,2339,526,157.0,337.0
442,2154,527,158.0,337.0
443,2396,532,106.0,338.0
444,2222,535,110.0,338.0
445,2152,536,111.0,338.0
446,2146,539,114.0,338.0
447,1799,540,115.0,338.0
448,2058,541,116.0,338.0
449,1530,542,117.0,338.0
450,1529,543,118.0,338.0
451,1427,544,119.0,338.0
452,1426,545,120.0,338.0
453,1439,546,121.0,338.0
454,1457,547,122.0,338.0
455,1456,548,123.0,338.0
456,1781,549,124.0,338.0
457,2318,550,125.0,338.0
458,1780,551,126.0,338.0
459,1760,552,127.0,338.0
460,1759,553,128.0,338.0
461,1514,554,129.0,338.0
462,1363,555,130.0,338.0
463,1602,556,131.0,338.0
464,1603,557,132.0,338.0
465,2126,558,133.0,338.0
466,6,559,134.0,338.0
467,2235,560,135.0,338.0
468,2127,561,136.0,338.0
469,1860,562,137.0,338.0
470,2237,563,138.0,338.0
471,2246,564,139.0,338.0
472,1813,565,140.0,338.0
473,1814,566,141.0,338.0
474,1861,567,142.0,338.0
475,1862,568,143.0,338.0
476,1863,569,144.0,338.0
477,1864,570,145.0,338.0
478,2017,571,146.0,338.0
479,2324,572,147.0,338.0
480,2323,573,148.0,338.0
481,2182,574,149.0,338.0
482,2192,575,150.0,338.0
483,54,576,151.0,338.0
484,2120,577,152.0,338.0
485,2088,578,153.0,338.0
486,2087,579,154.0,338.0
487,2029,580,155.0,338.0
488,2028,581,156.0,338.0
489,2279,582,157.0,338.0
490,2095,583,158.0,338.0
491,2299,586,100.0,339.0
492,1401,587,101.0,339.0
493,1400,588,102.0,339.0
494,2392,589,103.0,339.0
495,2286,598,112.0,339.0
496,2287,599,113.0,339.0
497,2145,600,114.0,339.0
498,1798,601,115.0,339.0
499,1802,602,116.0,339.0
500,1932,603,117.0,339.0
501,1534,604,118.0,339.0
502,1438,605,119.0,339.0
503,1441,606,120.0,339.0
504,1442,607,121.0,339.0
505,1443,608,122.0,339.0
506,1782,609,123.0,339.0
507,1856,610,124.0,339.0
508,1857,611,125.0,339.0
509,1858,612,126.0,339.0
510,1698,613,127.0,339.0
511,1699,614,128.0,339.0
512,1700,615,129.0,339.0
513,1364,616,130.0,339.0
514,1513,617,131.0,339.0
515,1604,618,132.0,339.0
516,1605,619,133.0,339.0
517,1639,620,134.0,339.0
518,1640,621,135.0,339.0
519,1859,622,136.0,339.0
520,2216,623,137.0,339.0
521,2217,624,138.0,339.0
522,2238,625,139.0,339.0
523,1812,626,140.0,339.0
524,2078,627,141.0,339.0
525,2079,628,142.0,339.0
526,2241,629,143.0,339.0
527,2196,630,144.0,339.0
528,2081,631,145.0,339.0
529,609,632,146.0,339.0
530,2369,633,147.0,339.0
531,2338,634,148.0,339.0
532,2181,635,149.0,339.0
533,52,636,150.0,339.0
534,53,637,151.0,339.0
535,2090,638,152.0,339.0
536,2089,639,153.0,339.0
537,2099,640,154.0,339.0
538,2322,641,155.0,339.0
539,1741,642,156.0,339.0
540,1740,643,157.0,339.0
541,2094,644,158.0,339.0
542,2153,645,159.0,339.0
543,1399,648,102.0,340.0
544,1398,649,103.0,340.0
545,1397,650,104.0,340.0
546,2292,651,105.0,340.0
547,2291,652,106.0,340.0
548,2290,653,107.0,340.0
549,2289,654,108.0,340.0
550,2288,655,109.0,340.0
551,2363,656,110.0,340.0
552,2364,657,111.0,340.0
553,2118,658,112.0,340.0
554,2119,659,113.0,340.0
555,1087,660,114.0,340.0
556,1088,661,115.0,340.0
557,1785,662,116.0,340.0
558,1784,663,117.0,340.0
559,1783,664,118.0,340.0
560,1528,665,119.0,340.0
561,1535,666,120.0,340.0
562,1871,667,121.0,340.0
563,1444,668,122.0,340.0
564,1445,669,123.0,340.0
565,1446,670,124.0,340.0
566,1695,671,125.0,340.0
567,1696,672,126.0,340.0
568,1697,673,127.0,340.0
569,1980,674,128.0,340.0
570,0,675,129.0,340.0
571,1981,676,130.0,340.0
572,1365,677,131.0,340.0
573,1518,678,132.0,340.0
574,1519,679,133.0,340.0
575,1638,680,134.0,340.0
576,1637,681,135.0,340.0
577,1982,682,136.0,340.0
578,1983,683,137.0,340.0
579,1984,684,138.0,340.0
580,599,685,139.0,340.0
581,600,686,140.0,340.0
582,1985,687,141.0,340.0
583,1986,688,142.0,340.0
584,1987,689,143.0,340.0
585,606,690,144.0,340.0
586,607,691,145.0,340.0
587,608,692,146.0,340.0
588,1988,693,147.0,340.0
589,1989,694,148.0,340.0
590,1990,695,149.0,340.0
591,51,696,150.0,340.0
592,1972,697,151.0,340.0
593,1991,698,152.0,340.0
594,1992,699,153.0,340.0
595,2371,700,154.0,340.0
596,1743,701,155.0,340.0
597,1742,702,156.0,340.0
598,1993,703,157.0,340.0
599,1736,705,159.0,340.0
600,1967,707,101.0,341.0
601,1966,708,102.0,341.0
602,1965,709,103.0,341.0
603,1396,710,104.0,341.0
604,1395,711,105.0,341.0
605,1394,712,106.0,341.0
606,1964,713,107.0,341.0
607,2115,714,108.0,341.0
608,2116,715,109.0,341.0
609,2117,716,110.0,341.0
610,1084,717,111.0,341.0
611,1085,718,112.0,341.0
612,1786,719,113.0,341.0
613,1086,720,114.0,341.0
614,1089,721,115.0,341.0
615,1090,722,116.0,341.0
616,1091,723,117.0,341.0
617,1092,724,118.0,341.0
618,1093,725,119.0,341.0
619,1094,726,120.0,341.0
620,1870,727,121.0,341.0
621,1693,728,122.0,341.0
622,1694,729,123.0,341.0
623,1078,730,124.0,341.0
624,1077,731,125.0,341.0
625,1447,732,126.0,341.0
626,1933,733,127.0,341.0
627,1259,734,128.0,341.0
628,1260,735,129.0,341.0
629,1758,736,130.0,341.0
630,1512,737,131.0,341.0
631,1511,738,132.0,341.0
632,7,739,133.0,341.0
633,2114,740,134.0,341.0
634,1636,741,135.0,341.0
635,2023,742,136.0,341.0
636,2113,743,137.0,341.0
637,1811,744,138.0,341.0
638,601,745,139.0,341.0
639,602,746,140.0,341.0
640,603,747,141.0,341.0
641,595,748,142.0,341.0
642,604,749,143.0,341.0
643,605,750,144.0,341.0
644,2112,751,145.0,341.0
645,2111,752,146.0,341.0
646,2018,753,147.0,341.0
647,2110,754,148.0,341.0
648,1954,755,149.0,341.0
649,50,756,150.0,341.0
650,1953,757,151.0,341.0
651,2100,758,152.0,341.0
652,2353,759,153.0,341.0
653,1745,760,154.0,341.0
654,1744,761,155.0,341.0
655,2330,762,156.0,341.0
656,1735,765,159.0,341.0
657,1968,767,101.0,342.0
658,2306,771,105.0,342.0
659,2305,772,106.0,342.0
660,1393,773,107.0,342.0
661,1081,774,108.0,342.0
662,1082,775,109.0,342.0
663,1083,776,110.0,342.0
664,1787,777,111.0,342.0
665,1833,778,112.0,342.0
666,2341,779,113.0,342.0
667,2340,780,114.0,342.0
668,2144,781,115.0,342.0
669,1689,782,116.0,342.0
670,1690,783,117.0,342.0
671,1691,784,118.0,342.0
672,1692,785,119.0,342.0
673,1095,786,120.0,342.0
674,1096,787,121.0,342.0
675,1097,788,122.0,342.0
676,1098,789,123.0,342.0
677,1099,790,124.0,342.0
678,1076,791,125.0,342.0
679,1075,792,126.0,342.0
680,1074,793,127.0,342.0
681,1,794,128.0,342.0
682,1073,795,129.0,342.0
683,1072,796,130.0,342.0
684,1071,797,131.0,342.0
685,1366,798,132.0,342.0
686,1510,799,133.0,342.0
687,1625,800,134.0,342.0
688,1606,801,135.0,342.0
689,2024,802,136.0,342.0
690,1810,803,137.0,342.0
691,1673,804,138.0,342.0
692,1672,805,139.0,342.0
693,2239,806,140.0,342.0
694,594,807,141.0,342.0
695,596,808,142.0,342.0
696,598,809,143.0,342.0
697,2080,810,144.0,342.0
698,2273,811,145.0,342.0
699,2274,812,146.0,342.0
700,2019,813,147.0,342.0
701,2183,814,148.0,342.0
702,1955,815,149.0,342.0
703,49,816,150.0,342.0
704,2101,817,151.0,342.0
705,2109,818,152.0,342.0
706,1747,819,153.0,342.0
707,1746,820,154.0,342.0
708,1951,821,155.0,342.0
709,2349,822,156.0,342.0
710,1733,823,157.0,342.0
711,1734,824,158.0,342.0
712,2329,826,160.0,342.0
713,1969,827,101.0,343.0
714,1080,832,108.0,343.0
715,1182,833,109.0,343.0
716,1181,834,110.0,343.0
717,1180,835,111.0,343.0
718,1685,836,112.0,343.0
719,1686,837,113.0,343.0
720,2307,838,114.0,343.0
721,1687,839,115.0,343.0
722,1688,840,116.0,343.0
723,1797,841,117.0,343.0
724,1796,842,118.0,343.0
725,1803,843,119.0,343.0
726,1536,844,120.0,343.0
727,1834,845,121.0,343.0
728,1835,846,122.0,343.0
729,1886,847,123.0,343.0
730,2059,848,124.0,343.0
731,1100,849,125.0,343.0
732,1101,850,126.0,343.0
733,1102,851,127.0,343.0
734,1103,852,128.0,343.0
735,1104,853,129.0,343.0
736,1105,854,130.0,343.0
737,1258,855,131.0,343.0
738,8,856,132.0,343.0
739,1070,857,133.0,343.0
740,1272,858,134.0,343.0
741,1626,859,135.0,343.0
742,1808,860,136.0,343.0
743,1809,861,137.0,343.0
744,1674,862,138.0,343.0
745,1934,863,139.0,343.0
746,2240,864,140.0,343.0
747,592,865,141.0,343.0
748,591,866,142.0,343.0
749,597,867,143.0,343.0
750,1952,868,144.0,343.0
751,2272,869,145.0,343.0
752,2314,870,146.0,343.0
753,2020,871,147.0,343.0
754,1956,872,148.0,343.0
755,1681,873,149.0,343.0
756,48,874,150.0,343.0
757,1503,875,151.0,343.0
758,1748,876,152.0,343.0
759,2093,877,153.0,343.0
760,1950,878,154.0,343.0
761,2350,879,155.0,343.0
762,1731,880,156.0,343.0
763,1732,881,157.0,343.0
764,2328,882,158.0,343.0
765,282,888,108.0,344.0
766,1187,889,109.0,344.0
767,283,890,110.0,344.0
768,284,891,111.0,344.0
769,285,892,112.0,344.0
770,1185,893,113.0,344.0
771,1158,894,114.0,344.0
772,1157,895,115.0,344.0
773,1156,896,116.0,344.0
774,1308,897,117.0,344.0
775,1307,898,118.0,344.0
776,1804,899,119.0,344.0
777,1537,900,120.0,344.0
778,1931,901,121.0,344.0
779,1930,902,122.0,344.0
780,1836,903,123.0,344.0
781,2304,904,124.0,344.0
782,2060,905,125.0,344.0
783,1558,906,126.0,344.0
784,2061,907,127.0,344.0
785,2067,908,128.0,344.0
786,1448,909,129.0,344.0
787,1106,910,130.0,344.0
788,1107,911,131.0,344.0
789,1108,912,132.0,344.0
790,1069,913,133.0,344.0
791,1109,914,134.0,344.0
792,1110,915,135.0,344.0
793,1607,916,136.0,344.0
794,1675,917,137.0,344.0
795,2025,918,138.0,344.0
796,1935,919,139.0,344.0
797,1936,920,140.0,344.0
798,1937,921,141.0,344.0
799,590,922,142.0,344.0
800,589,923,143.0,344.0
801,588,924,144.0,344.0
802,593,925,145.0,344.0
803,2315,926,146.0,344.0
804,2021,927,147.0,344.0
805,2022,928,148.0,344.0
806,1682,929,149.0,344.0
807,47,930,150.0,344.0
808,1502,931,151.0,344.0
809,1501,932,152.0,344.0
810,2327,933,153.0,344.0
811,2351,934,154.0,344.0
812,1729,935,155.0,344.0
813,1730,936,156.0,344.0
814,1948,937,157.0,344.0
815,2280,938,158.0,344.0
816,1347,942,107.0,345.0
817,1079,943,108.0,345.0
818,1908,946,111.0,345.0
819,1907,947,112.0,345.0
820,286,948,113.0,345.0
821,287,949,114.0,345.0
822,288,950,115.0,345.0
823,1155,951,116.0,345.0
824,1154,952,117.0,345.0
825,1159,953,118.0,345.0
826,1306,954,119.0,345.0
827,1305,955,120.0,345.0
828,1309,956,121.0,345.0
829,1929,957,122.0,345.0
830,1885,958,123.0,345.0
831,2162,959,124.0,345.0
832,1419,960,125.0,345.0
833,1418,961,126.0,345.0
834,1557,962,127.0,345.0
835,2062,963,128.0,345.0
836,2063,964,129.0,345.0
837,1267,965,130.0,345.0
838,1257,966,131.0,345.0
839,1271,967,132.0,345.0
840,1068,968,133.0,345.0
841,1594,969,134.0,345.0
842,1111,970,135.0,345.0
843,1112,971,136.0,345.0
844,1113,972,137.0,345.0
845,1114,973,138.0,345.0
846,1115,974,139.0,345.0
847,1116,975,140.0,345.0
848,1962,976,141.0,345.0
849,2301,977,142.0,345.0
850,1938,978,143.0,345.0
851,587,979,144.0,345.0
852,1939,980,145.0,345.0
853,1940,981,146.0,345.0
854,1941,982,147.0,345.0
855,1942,983,148.0,345.0
856,1683,984,149.0,345.0
857,46,985,150.0,345.0
858,1504,986,151.0,345.0
859,1500,987,152.0,345.0
860,2352,988,153.0,345.0
861,1727,989,154.0,345.0
862,1728,990,155.0,345.0
863,1947,991,156.0,345.0
864,2326,992,157.0,345.0
865,1737,993,158.0,345.0
866,1380,994,159.0,345.0
867,2174,995,160.0,345.0
868,1520,996,107.0,346.0
869,281,997,108.0,346.0
870,2395,998,109.0,346.0
871,1906,1001,114.0,346.0
872,289,1002,115.0,346.0
873,290,1003,116.0,346.0
874,291,1004,117.0,346.0
875,1153,1005,118.0,346.0
876,1152,1006,119.0,346.0
877,1160,1007,120.0,346.0
878,1304,1008,121.0,346.0
879,1310,1009,122.0,346.0
880,1311,1010,123.0,346.0
881,1312,1011,124.0,346.0
882,1313,1012,125.0,346.0
883,1417,1013,126.0,346.0
884,1314,1014,127.0,346.0
885,1556,1015,128.0,346.0
886,1273,1016,129.0,346.0
887,9,1017,130.0,346.0
888,1266,1018,131.0,346.0
889,1067,1019,132.0,346.0
890,1261,1020,133.0,346.0
891,1449,1021,134.0,346.0
892,1595,1022,135.0,346.0
893,1509,1023,136.0,346.0
894,1508,1024,137.0,346.0
895,1562,1025,138.0,346.0
896,1888,1026,139.0,346.0
897,1117,1027,140.0,346.0
898,1118,1028,141.0,346.0
899,1119,1029,142.0,346.0
900,1120,1030,143.0,346.0
901,586,1031,144.0,346.0
902,2092,1032,145.0,346.0
903,2091,1033,146.0,346.0
904,2102,1034,147.0,346.0
905,1749,1035,148.0,346.0
906,44,1036,149.0,346.0
907,45,1037,150.0,346.0
908,2300,1038,151.0,346.0
909,1499,1039,152.0,346.0
910,1725,1040,153.0,346.0
911,1726,1041,154.0,346.0
912,1946,1042,155.0,346.0
913,2065,1043,156.0,346.0
914,1377,1044,157.0,346.0
915,1378,1045,158.0,346.0
916,1379,1046,159.0,346.0
917,1183,1048,107.0,347.0
918,2393,1049,108.0,347.0
919,292,1053,117.0,347.0
920,293,1054,118.0,347.0
921,294,1055,119.0,347.0
922,1151,1056,120.0,347.0
923,1161,1057,121.0,347.0
924,1525,1058,122.0,347.0
925,1884,1059,123.0,347.0
926,1887,1060,124.0,347.0
927,1334,1061,125.0,347.0
928,1333,1062,126.0,347.0
929,1256,1063,127.0,347.0
930,1255,1064,128.0,347.0
931,1254,1065,129.0,347.0
932,1253,1066,130.0,347.0
933,1252,1067,131.0,347.0
934,1066,1068,132.0,347.0
935,1065,1069,133.0,347.0
936,1262,1070,134.0,347.0
937,1450,1071,135.0,347.0
938,1635,1072,136.0,347.0
939,1507,1073,137.0,347.0
940,1506,1074,138.0,347.0
941,1561,1075,139.0,347.0
942,1560,1076,140.0,347.0
943,1889,1077,141.0,347.0
944,1890,1078,142.0,347.0
945,1891,1079,143.0,347.0
946,585,1080,144.0,347.0
947,1121,1081,145.0,347.0
948,1122,1082,146.0,347.0
949,1123,1083,147.0,347.0
950,1124,1084,148.0,347.0
951,43,1085,149.0,347.0
952,1505,1086,150.0,347.0
953,2271,1087,151.0,347.0
954,1498,1088,152.0,347.0
955,1415,1089,153.0,347.0
956,1943,1090,154.0,347.0
957,1944,1091,155.0,347.0
958,1375,1092,156.0,347.0
959,1376,1093,157.0,347.0
960,2096,1094,158.0,347.0
961,2373,1095,159.0,347.0
962,1909,1101,118.0,348.0
963,295,1102,119.0,348.0
964,296,1103,120.0,348.0
965,1162,1104,121.0,348.0
966,1383,1105,122.0,348.0
967,1524,1106,123.0,348.0
968,1523,1107,124.0,348.0
969,1407,1108,125.0,348.0
970,1412,1109,126.0,348.0
971,2,1110,127.0,348.0
972,1245,1111,128.0,348.0
973,1240,1112,129.0,348.0
974,1239,1113,130.0,348.0
975,1238,1114,131.0,348.0
976,1251,1115,132.0,348.0
977,1064,1116,133.0,348.0
978,1315,1117,134.0,348.0
979,1268,1118,135.0,348.0
980,1269,1119,136.0,348.0
981,1316,1120,137.0,348.0
982,1317,1121,138.0,348.0
983,1318,1122,139.0,348.0
984,1914,1123,140.0,348.0
985,1913,1124,141.0,348.0
986,580,1125,142.0,348.0
987,581,1126,143.0,348.0
988,582,1127,144.0,348.0
989,2103,1128,145.0,348.0
990,1892,1129,146.0,348.0
991,1750,1130,147.0,348.0
992,1893,1131,148.0,348.0
993,42,1132,149.0,348.0
994,1125,1133,150.0,348.0
995,1126,1134,151.0,348.0
996,1127,1135,152.0,348.0
997,1128,1136,153.0,348.0
998,1129,1137,154.0,348.0
999,1374,1138,155.0,348.0
1000,982,1139,156.0,348.0
1001,983,1140,157.0,348.0
1002,984,1141,158.0,348.0
1003,629,1142,159.0,348.0
1004,630,1143,160.0,348.0
1005,1684,1149,118.0,349.0
1006,996,1150,119.0,349.0
1007,297,1151,120.0,349.0
1008,298,1152,121.0,349.0
1009,299,1153,122.0,349.0
1010,1790,1154,123.0,349.0
1011,1527,1155,124.0,349.0
1012,1522,1156,125.0,349.0
1013,1031,1157,126.0,349.0
1014,1244,1158,127.0,349.0
1015,1242,1159,128.0,349.0
1016,10,1160,129.0,349.0
1017,1241,1161,130.0,349.0
1018,1408,1162,131.0,349.0
1019,1237,1163,132.0,349.0
1020,1236,1164,133.0,349.0
1021,1063,1165,134.0,349.0
1022,574,1166,135.0,349.0
1023,575,1167,136.0,349.0
1024,576,1168,137.0,349.0
1025,577,1169,138.0,349.0
1026,1319,1170,139.0,349.0
1027,578,1171,140.0,349.0
1028,1320,1172,141.0,349.0
1029,579,1173,142.0,349.0
1030,583,1174,143.0,349.0
1031,584,1175,144.0,349.0
1032,1752,1176,145.0,349.0
1033,1751,1177,146.0,349.0
1034,1912,1178,147.0,349.0
1035,1911,1179,148.0,349.0
1036,41,1180,149.0,349.0
1037,1496,1181,150.0,349.0
1038,1497,1182,151.0,349.0
1039,977,1183,152.0,349.0
1040,978,1184,153.0,349.0
1041,979,1185,154.0,349.0
1042,980,1186,155.0,349.0
1043,981,1187,156.0,349.0
1044,626,1188,157.0,349.0
1045,627,1189,158.0,349.0
1046,628,1190,159.0,349.0
1047,631,1191,160.0,349.0
1048,1920,1196,117.0,350.0
1049,1795,1197,118.0,350.0
1050,995,1198,119.0,350.0
1051,994,1199,120.0,350.0
1052,1163,1200,121.0,350.0
1053,300,1201,122.0,350.0
1054,301,1202,123.0,350.0
1055,302,1203,124.0,350.0
1056,2083,1204,125.0,350.0
1057,1030,1205,126.0,350.0
1058,3,1206,127.0,350.0
1059,1243,1207,128.0,350.0
1060,1275,1208,129.0,350.0
1061,1521,1209,130.0,350.0
1062,1409,1210,131.0,350.0
1063,1061,1211,132.0,350.0
1064,1062,1212,133.0,350.0
1065,572,1213,134.0,350.0
1066,573,1214,135.0,350.0
1067,1270,1215,136.0,350.0
1068,1263,1216,137.0,350.0
1069,1264,1217,138.0,350.0
1070,1413,1218,139.0,350.0
1071,1206,1219,140.0,350.0
1072,1559,1220,141.0,350.0
1073,1869,1221,142.0,350.0
1074,1868,1222,143.0,350.0
1075,1753,1223,144.0,350.0
1076,1221,1224,145.0,350.0
1077,1321,1225,146.0,350.0
1078,1322,1226,147.0,350.0
1079,1323,1227,148.0,350.0
1080,40,1228,149.0,350.0
1081,974,1229,150.0,350.0
1082,975,1230,151.0,350.0
1083,976,1231,152.0,350.0
1084,621,1232,153.0,350.0
1085,622,1233,154.0,350.0
1086,623,1234,155.0,350.0
1087,624,1235,156.0,350.0
1088,625,1236,157.0,350.0
1089,2284,1237,158.0,350.0
1090,632,1238,159.0,350.0
1091,1919,1244,117.0,351.0
1092,1633,1245,118.0,351.0
1093,1164,1246,119.0,351.0
1094,993,1247,120.0,351.0
1095,1281,1248,121.0,351.0
1096,1632,1249,122.0,351.0
1097,1631,1250,123.0,351.0
1098,303,1251,124.0,351.0
1099,304,1252,125.0,351.0
1100,1029,1253,126.0,351.0
1101,1844,1254,127.0,351.0
1102,1845,1255,128.0,351.0
1103,1295,1256,129.0,351.0
1104,1526,1257,130.0,351.0
1105,1367,1258,131.0,351.0
1106,1060,1259,132.0,351.0
1107,686,1260,133.0,351.0
1108,571,1261,134.0,351.0
1109,1250,1262,135.0,351.0
1110,1249,1263,136.0,351.0
1111,1235,1264,137.0,351.0
1112,1234,1265,138.0,351.0
1113,1265,1266,139.0,351.0
1114,1229,1267,140.0,351.0
1115,1205,1268,141.0,351.0
1116,1204,1269,142.0,351.0
1117,1755,1270,143.0,351.0
1118,1754,1271,144.0,351.0
1119,1222,1272,145.0,351.0
1120,1223,1273,146.0,351.0
1121,1789,1274,147.0,351.0
1122,972,1275,148.0,351.0
1123,39,1276,149.0,351.0
1124,973,1277,150.0,351.0
1125,1324,1278,151.0,351.0
1126,1325,1279,152.0,351.0
1127,620,1280,153.0,351.0
1128,1326,1281,154.0,351.0
1129,1327,1282,155.0,351.0
1130,1328,1283,156.0,351.0
1131,634,1284,157.0,351.0
1132,633,1285,158.0,351.0
1133,1388,1286,159.0,351.0
1134,2331,1287,160.0,351.0
1135,1918,1293,116.0,352.0
1136,1794,1294,117.0,352.0
1137,1165,1295,118.0,352.0
1138,997,1296,119.0,352.0
1139,992,1297,120.0,352.0
1140,991,1298,121.0,352.0
1141,1905,1299,122.0,352.0
1142,1634,1300,123.0,352.0
1143,1883,1301,124.0,352.0
1144,1301,1302,125.0,352.0
1145,305,1303,126.0,352.0
1146,306,1304,127.0,352.0
1147,1837,1305,128.0,352.0
1148,1846,1306,129.0,352.0
1149,1285,1307,130.0,352.0
1150,1058,1308,131.0,352.0
1151,1059,1309,132.0,352.0
1152,684,1310,133.0,352.0
1153,685,1311,134.0,352.0
1154,1410,1312,135.0,352.0
1155,1411,1313,136.0,352.0
1156,1248,1314,137.0,352.0
1157,1233,1315,138.0,352.0
1158,1232,1316,139.0,352.0
1159,1231,1317,140.0,352.0
1160,1228,1318,141.0,352.0
1161,1203,1319,142.0,352.0
1162,1414,1320,143.0,352.0
1163,1451,1321,144.0,352.0
1164,1959,1322,145.0,352.0
1165,1224,1323,146.0,352.0
1166,970,1324,147.0,352.0
1167,971,1325,148.0,352.0
1168,38,1326,149.0,352.0
1169,1416,1327,150.0,352.0
1170,2228,1328,151.0,352.0
1171,1738,1329,152.0,352.0
1172,619,1330,153.0,352.0
1173,644,1331,154.0,352.0
1174,645,1332,155.0,352.0
1175,638,1333,156.0,352.0
1176,635,1334,157.0,352.0
1177,636,1335,158.0,352.0
1178,1853,1336,159.0,352.0
1179,1928,1337,160.0,352.0
1180,2394,1339,112.0,353.0
1181,2254,1342,115.0,353.0
1182,1167,1343,116.0,353.0
1183,1166,1344,117.0,353.0
1184,326,1345,118.0,353.0
1185,858,1346,119.0,353.0
1186,859,1347,120.0,353.0
1187,990,1348,121.0,353.0
1188,2176,1349,122.0,353.0
1189,1904,1350,123.0,353.0
1190,1882,1351,124.0,353.0
1191,11,1352,125.0,353.0
1192,4,1353,126.0,353.0
1193,307,1354,127.0,353.0
1194,308,1355,128.0,353.0
1195,309,1356,129.0,353.0
1196,1057,1357,130.0,353.0
1197,1368,1358,131.0,353.0
1198,1945,1359,132.0,353.0
1199,1403,1360,133.0,353.0
1200,570,1361,134.0,353.0
1201,569,1362,135.0,353.0
1202,1346,1363,136.0,353.0
1203,1247,1364,137.0,353.0
1204,1274,1365,138.0,353.0
1205,1246,1366,139.0,353.0
1206,1230,1367,140.0,353.0
1207,1227,1368,141.0,353.0
1208,1226,1369,142.0,353.0
1209,664,1370,143.0,353.0
1210,665,1371,144.0,353.0
1211,666,1372,145.0,353.0
1212,667,1373,146.0,353.0
1213,668,1374,147.0,353.0
1214,669,1375,148.0,353.0
1215,37,1376,149.0,353.0
1216,670,1377,150.0,353.0
1217,1386,1378,151.0,353.0
1218,1387,1379,152.0,353.0
1219,618,1380,153.0,353.0
1220,617,1381,154.0,353.0
1221,1831,1382,155.0,353.0
1222,646,1383,156.0,353.0
1223,1927,1384,157.0,353.0
1224,637,1385,158.0,353.0
1225,1657,1386,159.0,353.0
1226,1658,1387,160.0,353.0
1227,2227,1388,110.0,354.0
1228,2297,1389,111.0,354.0
1229,2296,1390,112.0,354.0
1230,2384,1391,113.0,354.0
1231,2253,1392,114.0,354.0
1232,2252,1393,115.0,354.0
1233,1168,1394,116.0,354.0
1234,998,1395,117.0,354.0
1235,327,1396,118.0,354.0
1236,857,1397,119.0,354.0
1237,860,1398,120.0,354.0
1238,1382,1399,121.0,354.0
1239,2263,1400,122.0,354.0
1240,2175,1401,123.0,354.0
1241,471,1402,124.0,354.0
1242,519,1403,125.0,354.0
1243,5,1404,126.0,354.0
1244,1549,1405,127.0,354.0
1245,1807,1406,128.0,354.0
1246,1056,1407,129.0,354.0
1247,310,1408,130.0,354.0
1248,654,1409,131.0,354.0
1249,520,1410,132.0,354.0
1250,521,1411,133.0,354.0
1251,522,1412,134.0,354.0
1252,1404,1413,135.0,354.0
1253,1345,1414,136.0,354.0
1254,1296,1415,137.0,354.0
1255,1297,1416,138.0,354.0
1256,659,1417,139.0,354.0
1257,660,1418,140.0,354.0
1258,661,1419,141.0,354.0
1259,662,1420,142.0,354.0
1260,663,1421,143.0,354.0
1261,968,1422,144.0,354.0
1262,969,1423,145.0,354.0
1263,1202,1424,146.0,354.0
1264,672,1425,147.0,354.0
1265,671,1426,148.0,354.0
1266,36,1427,149.0,354.0
1267,1384,1428,150.0,354.0
1268,1385,1429,151.0,354.0
1269,1854,1430,152.0,354.0
1270,639,1431,153.0,354.0
1271,616,1432,154.0,354.0
1272,615,1433,155.0,354.0
1273,614,1434,156.0,354.0
1274,1654,1435,157.0,354.0
1275,1655,1436,158.0,354.0
1276,1656,1437,159.0,354.0
1277,1852,1438,160.0,354.0
1278,2226,1439,110.0,355.0
1279,2293,1440,111.0,355.0
1280,2294,1441,112.0,355.0
1281,2278,1442,113.0,355.0
1282,1170,1443,114.0,355.0
1283,1169,1444,115.0,355.0
1284,1793,1445,116.0,355.0
1285,999,1446,117.0,355.0
1286,328,1447,118.0,355.0
1287,856,1448,119.0,355.0
1288,861,1449,120.0,355.0
1289,698,1450,121.0,355.0
1290,699,1451,122.0,355.0
1291,700,1452,123.0,355.0
1292,555,1453,124.0,355.0
1293,518,1454,125.0,355.0
1294,556,1455,126.0,355.0
1295,443,1456,127.0,355.0
1296,442,1457,128.0,355.0
1297,557,1458,129.0,355.0
1298,441,1459,130.0,355.0
1299,311,1460,131.0,355.0
1300,312,1461,132.0,355.0
1301,440,1462,133.0,355.0
1302,523,1463,134.0,355.0
1303,647,1464,135.0,355.0
1304,658,1465,136.0,355.0
1305,1405,1466,137.0,355.0
1306,1406,1467,138.0,355.0
1307,1344,1468,139.0,355.0
1308,1276,1469,140.0,355.0
1309,1225,1470,141.0,355.0
1310,966,1471,142.0,355.0
1311,967,1472,143.0,355.0
1312,985,1473,144.0,355.0
1313,1302,1474,145.0,355.0
1314,674,1475,146.0,355.0
1315,673,1476,147.0,355.0
1316,34,1477,148.0,355.0
1317,35,1478,149.0,355.0
1318,1392,1479,150.0,355.0
1319,1855,1480,151.0,355.0
1320,1543,1481,152.0,355.0
1321,640,1482,153.0,355.0
1322,641,1483,154.0,355.0
1323,1542,1484,155.0,355.0
1324,613,1485,156.0,355.0
1325,1342,1486,157.0,355.0
1326,1329,1487,158.0,355.0
1327,1330,1488,159.0,355.0
1328,1331,1489,160.0,355.0
1329,2225,1491,111.0,356.0
1330,1917,1492,112.0,356.0
1331,1172,1493,113.0,356.0
1332,1171,1494,114.0,356.0
1333,1792,1495,115.0,356.0
1334,1001,1496,116.0,356.0
1335,1000,1497,117.0,356.0
1336,329,1498,118.0,356.0
1337,855,1499,119.0,356.0
1338,697,1500,120.0,356.0
1339,989,1501,121.0,356.0
1340,1957,1502,122.0,356.0
1341,554,1503,123.0,356.0
1342,775,1504,124.0,356.0
1343,517,1505,125.0,356.0
1344,774,1506,126.0,356.0
1345,773,1507,127.0,356.0
1346,657,1508,128.0,356.0
1347,648,1509,129.0,356.0
1348,558,1510,130.0,356.0
1349,567,1511,131.0,356.0
1350,568,1512,132.0,356.0
1351,313,1513,133.0,356.0
1352,439,1514,134.0,356.0
1353,1915,1515,135.0,356.0
1354,438,1516,136.0,356.0
1355,437,1517,137.0,356.0
1356,436,1518,138.0,356.0
1357,435,1519,139.0,356.0
1358,963,1520,140.0,356.0
1359,964,1521,141.0,356.0
1360,965,1522,142.0,356.0
1361,1218,1523,143.0,356.0
1362,677,1524,144.0,356.0
1363,676,1525,145.0,356.0
1364,675,1526,146.0,356.0
1365,1217,1527,147.0,356.0
1366,33,1528,148.0,356.0
1367,1216,1529,149.0,356.0
1368,1215,1530,150.0,356.0
1369,1214,1531,151.0,356.0
1370,1213,1532,152.0,356.0
1371,642,1533,153.0,356.0
1372,610,1534,154.0,356.0
1373,612,1535,155.0,356.0
1374,1289,1536,156.0,356.0
1375,1290,1537,157.0,356.0
1376,945,1538,158.0,356.0
1377,1291,1539,159.0,356.0
1378,1421,1540,160.0,356.0
1379,2311,1541,107.0,357.0
1380,487,1542,108.0,357.0
1381,1961,1543,109.0,357.0
1382,900,1544,110.0,357.0
1383,899,1545,111.0,357.0
1384,1034,1546,112.0,357.0
1385,1035,1547,113.0,357.0
1386,1036,1548,114.0,357.0
1387,1037,1549,115.0,357.0
1388,1002,1550,116.0,357.0
1389,1149,1551,117.0,357.0
1390,330,1552,118.0,357.0
1391,862,1553,119.0,357.0
1392,1341,1554,120.0,357.0
1393,1381,1555,121.0,357.0
1394,553,1556,122.0,357.0
1395,776,1557,123.0,357.0
1396,516,1558,124.0,357.0
1397,1806,1559,125.0,357.0
1398,1055,1560,126.0,357.0
1399,772,1561,127.0,357.0
1400,656,1562,128.0,357.0
1401,655,1563,129.0,357.0
1402,566,1564,130.0,357.0
1403,565,1565,131.0,357.0
1404,1550,1566,132.0,357.0
1405,1903,1567,133.0,357.0
1406,1539,1568,134.0,357.0
1407,1540,1569,135.0,357.0
1408,1541,1570,136.0,357.0
1409,1916,1571,137.0,357.0
1410,1373,1572,138.0,357.0
1411,962,1573,139.0,357.0
1412,434,1574,140.0,357.0
1413,433,1575,141.0,357.0
1414,432,1576,142.0,357.0
1415,109,1577,143.0,357.0
1416,110,1578,144.0,357.0
1417,111,1579,145.0,357.0
1418,189,1580,146.0,357.0
1419,1201,1581,147.0,357.0
1420,32,1582,148.0,357.0
1421,1210,1583,149.0,357.0
1422,742,1584,150.0,357.0
1423,743,1585,151.0,357.0
1424,917,1586,152.0,357.0
1425,916,1587,153.0,357.0
1426,611,1588,154.0,357.0
1427,915,1589,155.0,357.0
1428,1390,1590,156.0,357.0
1429,947,1591,157.0,357.0
1430,946,1592,158.0,357.0
1431,1420,1593,159.0,357.0
1432,1389,1594,160.0,357.0
1433,485,1596,106.0,358.0
1434,486,1597,107.0,358.0
1435,894,1598,108.0,358.0
1436,1015,1599,109.0,358.0
1437,1033,1600,110.0,358.0
1438,895,1601,111.0,358.0
1439,896,1602,112.0,358.0
1440,897,1603,113.0,358.0
1441,2106,1604,114.0,358.0
1442,1003,1605,115.0,358.0
1443,325,1606,116.0,358.0
1444,854,1607,117.0,358.0
1445,331,1608,118.0,358.0
1446,863,1609,119.0,358.0
1447,1340,1610,120.0,358.0
1448,445,1611,121.0,358.0
1449,444,1612,122.0,358.0
1450,777,1613,123.0,358.0
1451,1805,1614,124.0,358.0
1452,1053,1615,125.0,358.0
1453,1054,1616,126.0,358.0
1454,1791,1617,127.0,358.0
1455,771,1618,128.0,358.0
1456,770,1619,129.0,358.0
1457,649,1620,130.0,358.0
1458,564,1621,131.0,358.0
1459,769,1622,132.0,358.0
1460,1949,1623,133.0,358.0
1461,1300,1624,134.0,358.0
1462,1299,1625,135.0,358.0
1463,1372,1626,136.0,358.0
1464,559,1627,137.0,358.0
1465,524,1628,138.0,358.0
1466,525,1629,139.0,358.0
1467,526,1630,140.0,358.0
1468,530,1631,141.0,358.0
1469,678,1632,142.0,358.0
1470,108,1633,143.0,358.0
1471,188,1634,144.0,358.0
1472,79,1635,145.0,358.0
1473,78,1636,146.0,358.0
1474,77,1637,147.0,358.0
1475,31,1638,148.0,358.0
1476,80,1639,149.0,358.0
1477,81,1640,150.0,358.0
1478,82,1641,151.0,358.0
1479,83,1642,152.0,358.0
1480,84,1643,153.0,358.0
1481,85,1644,154.0,358.0
1482,643,1645,155.0,358.0
1483,86,1646,156.0,358.0
1484,87,1647,157.0,358.0
1485,744,1648,158.0,358.0
1486,745,1649,159.0,358.0
1487,746,1650,160.0,358.0
1488,473,1652,106.0,359.0
1489,474,1653,107.0,359.0
1490,1173,1654,108.0,359.0
1491,1014,1655,109.0,359.0
1492,1013,1656,110.0,359.0
1493,1012,1657,111.0,359.0
1494,1926,1658,112.0,359.0
1495,1925,1659,113.0,359.0
1496,1924,1660,114.0,359.0
1497,898,1661,115.0,359.0
1498,280,1662,116.0,359.0
1499,853,1663,117.0,359.0
1500,332,1664,118.0,359.0
1501,447,1665,119.0,359.0
1502,446,1666,120.0,359.0
1503,552,1667,121.0,359.0
1504,1049,1668,122.0,359.0
1505,515,1669,123.0,359.0
1506,529,1670,124.0,359.0
1507,1052,1671,125.0,359.0
1508,1973,1672,126.0,359.0
1509,1546,1673,127.0,359.0
1510,1547,1674,128.0,359.0
1511,1762,1675,129.0,359.0
1512,650,1676,130.0,359.0
1513,563,1677,131.0,359.0
1514,1032,1678,132.0,359.0
1515,768,1679,133.0,359.0
1516,1756,1680,134.0,359.0
1517,767,1681,135.0,359.0
1518,766,1682,136.0,359.0
1519,765,1683,137.0,359.0
1520,560,1684,138.0,359.0
1521,314,1685,139.0,359.0
1522,561,1686,140.0,359.0
1523,472,1687,141.0,359.0
1524,106,1688,142.0,359.0
1525,107,1689,143.0,359.0
1526,94,1690,144.0,359.0
1527,95,1691,145.0,359.0
1528,100,1692,146.0,359.0
1529,30,1693,147.0,359.0
1530,29,1694,148.0,359.0
1531,140,1695,149.0,359.0
1532,141,1696,150.0,359.0
1533,142,1697,151.0,359.0
1534,143,1698,152.0,359.0
1535,954,1699,153.0,359.0
1536,194,1700,154.0,359.0
1537,193,1701,155.0,359.0
1538,192,1702,156.0,359.0
1539,191,1703,157.0,359.0
1540,190,1704,158.0,359.0
1541,951,1705,159.0,359.0
1542,952,1706,160.0,359.0
1543,891,1707,105.0,360.0
1544,484,1708,106.0,360.0
1545,475,1709,107.0,360.0
1546,476,1710,108.0,360.0
1547,893,1711,109.0,360.0
1548,1553,1712,110.0,360.0
1549,1011,1713,111.0,360.0
1550,1554,1714,112.0,360.0
1551,2224,1715,113.0,360.0
1552,1004,1716,114.0,360.0
1553,278,1717,115.0,360.0
1554,279,1718,116.0,360.0
1555,449,1719,117.0,360.0
1556,333,1720,118.0,360.0
1557,448,1721,119.0,360.0
1558,470,1722,120.0,360.0
1559,551,1723,121.0,360.0
1560,528,1724,122.0,360.0
1561,514,1725,123.0,360.0
1562,988,1726,124.0,360.0
1563,1548,1727,125.0,360.0
1564,932,1728,126.0,360.0
1565,933,1729,127.0,360.0
1566,934,1730,128.0,360.0
1567,935,1731,129.0,360.0
1568,936,1732,130.0,360.0
1569,651,1733,131.0,360.0
1570,937,1734,132.0,360.0
1571,938,1735,133.0,360.0
1572,939,1736,134.0,360.0
1573,940,1737,135.0,360.0
1574,941,1738,136.0,360.0
1575,942,1739,137.0,360.0
1576,943,1740,138.0,360.0
1577,315,1741,139.0,360.0
1578,316,1742,140.0,360.0
1579,105,1743,141.0,360.0
1580,103,1744,142.0,360.0
1581,102,1745,143.0,360.0
1582,93,1746,144.0,360.0
1583,92,1747,145.0,360.0
1584,96,1748,146.0,360.0
1585,99,1749,147.0,360.0
1586,28,1750,148.0,360.0
1587,27,1751,149.0,360.0
1588,160,1752,150.0,360.0
1589,408,1753,151.0,360.0
1590,409,1754,152.0,360.0
1591,144,1755,153.0,360.0
1592,145,1756,154.0,360.0
1593,146,1757,155.0,360.0
1594,13,1758,156.0,360.0
1595,12,1759,157.0,360.0
1596,24,1760,158.0,360.0
1597,410,1761,159.0,360.0
1598,793,1762,160.0,360.0
1599,2295,1764,106.0,361.0
1600,2107,1765,107.0,361.0
1601,477,1766,108.0,361.0
1602,478,1767,109.0,361.0
1603,479,1768,110.0,361.0
1604,892,1769,111.0,361.0
1605,1016,1770,112.0,361.0
1606,1555,1771,113.0,361.0
1607,924,1772,114.0,361.0
1608,277,1773,115.0,361.0
1609,450,1774,116.0,361.0
1610,926,1775,117.0,361.0
1611,334,1776,118.0,361.0
1612,927,1777,119.0,361.0
1613,469,1778,120.0,361.0
1614,550,1779,121.0,361.0
1615,512,1780,122.0,361.0
1616,513,1781,123.0,361.0
1617,929,1782,124.0,361.0
1618,930,1783,125.0,361.0
1619,931,1784,126.0,361.0
1620,1960,1785,127.0,361.0
1621,1767,1786,128.0,361.0
1622,1356,1787,129.0,361.0
1623,1357,1788,130.0,361.0
1624,652,1789,131.0,361.0
1625,959,1790,132.0,361.0
1626,960,1791,133.0,361.0
1627,961,1792,134.0,361.0
1628,683,1793,135.0,361.0
1629,682,1794,136.0,361.0
1630,1018,1795,137.0,361.0
1631,1019,1796,138.0,361.0
1632,680,1797,139.0,361.0
1633,679,1798,140.0,361.0
1634,317,1799,141.0,361.0
1635,104,1800,142.0,361.0
1636,187,1801,143.0,361.0
1637,195,1802,144.0,361.0
1638,91,1803,145.0,361.0
1639,90,1804,146.0,361.0
1640,97,1805,147.0,361.0
1641,98,1806,148.0,361.0
1642,26,1807,149.0,361.0
1643,25,1808,150.0,361.0
1644,161,1809,151.0,361.0
1645,17,1810,152.0,361.0
1646,16,1811,153.0,361.0
1647,15,1812,154.0,361.0
1648,14,1813,155.0,361.0
1649,748,1814,156.0,361.0
1650,147,1815,157.0,361.0
1651,148,1816,158.0,361.0
1652,944,1817,159.0,361.0
1653,1288,1818,160.0,361.0
1654,919,1820,107.0,362.0
1655,494,1821,108.0,362.0
1656,920,1822,109.0,362.0
1657,480,1823,110.0,362.0
1658,481,1824,111.0,362.0
1659,921,1825,112.0,362.0
1660,922,1826,113.0,362.0
1661,923,1827,114.0,362.0
1662,276,1828,115.0,362.0
1663,925,1829,116.0,362.0
1664,864,1830,117.0,362.0
1665,335,1831,118.0,362.0
1666,1048,1832,119.0,362.0
1667,928,1833,120.0,362.0
1668,549,1834,121.0,362.0
1669,511,1835,122.0,362.0
1670,1676,1836,123.0,362.0
1671,527,1837,124.0,362.0
1672,1923,1838,125.0,362.0
1673,1922,1839,126.0,362.0
1674,1921,1840,127.0,362.0
1675,1354,1841,128.0,362.0
1676,1355,1842,129.0,362.0
1677,1757,1843,130.0,362.0
1678,1371,1844,131.0,362.0
1679,653,1845,132.0,362.0
1680,1145,1846,133.0,362.0
1681,1017,1847,134.0,362.0
1682,1133,1848,135.0,362.0
1683,1211,1849,136.0,362.0
1684,1220,1850,137.0,362.0
1685,1219,1851,138.0,362.0
1686,199,1852,139.0,362.0
1687,198,1853,140.0,362.0
1688,197,1854,141.0,362.0
1689,196,1855,142.0,362.0
1690,318,1856,143.0,362.0
1691,319,1857,144.0,362.0
1692,112,1858,145.0,362.0
1693,89,1859,146.0,362.0
1694,88,1860,147.0,362.0
1695,21,1861,148.0,362.0
1696,20,1862,149.0,362.0
1697,19,1863,150.0,362.0
1698,18,1864,151.0,362.0
1699,175,1865,152.0,362.0
1700,162,1866,153.0,362.0
1701,163,1867,154.0,362.0
1702,164,1868,155.0,362.0
1703,165,1869,156.0,362.0
1704,876,1870,157.0,362.0
1705,747,1871,158.0,362.0
1706,877,1872,159.0,362.0
1707,1046,1873,160.0,362.0
1708,495,1877,108.0,363.0
1709,1150,1878,109.0,363.0
1710,1174,1879,110.0,363.0
1711,482,1880,111.0,363.0
1712,483,1881,112.0,363.0
1713,1005,1882,113.0,363.0
1714,1294,1883,114.0,363.0
1715,275,1884,115.0,363.0
1716,1974,1885,116.0,363.0
1717,1184,1886,117.0,363.0
1718,336,1887,118.0,363.0
1719,1047,1888,119.0,363.0
1720,547,1889,120.0,363.0
1721,548,1890,121.0,363.0
1722,1677,1891,122.0,363.0
1723,2255,1892,123.0,363.0
1724,2256,1893,124.0,363.0
1725,2104,1894,125.0,363.0
1726,1979,1895,126.0,363.0
1727,1352,1896,127.0,363.0
1728,1353,1897,128.0,363.0
1729,1369,1898,129.0,363.0
1730,1370,1899,130.0,363.0
1731,986,1900,131.0,363.0
1732,1135,1901,132.0,363.0
1733,1134,1902,133.0,363.0
1734,1212,1903,134.0,363.0
1735,1335,1904,135.0,363.0
1736,1336,1905,136.0,363.0
1737,1024,1906,137.0,363.0
1738,681,1907,138.0,363.0
1739,200,1908,139.0,363.0
1740,430,1909,140.0,363.0
1741,431,1910,141.0,363.0
1742,879,1911,142.0,363.0
1743,878,1912,143.0,363.0
1744,464,1913,144.0,363.0
1745,320,1914,145.0,363.0
1746,321,1915,146.0,363.0
1747,23,1916,147.0,363.0
1748,22,1917,148.0,363.0
1749,101,1918,149.0,363.0
1750,186,1919,150.0,363.0
1751,407,1920,151.0,363.0
1752,174,1921,152.0,363.0
1753,173,1922,153.0,363.0
1754,172,1923,154.0,363.0
1755,171,1924,155.0,363.0
1756,166,1925,156.0,363.0
1757,167,1926,157.0,363.0
1758,168,1927,158.0,363.0
1759,852,1928,159.0,363.0
1760,1391,1929,160.0,363.0
1761,2257,1931,108.0,364.0
1762,1179,1933,110.0,364.0
1763,1178,1934,111.0,364.0
1764,1010,1935,112.0,364.0
1765,1900,1936,113.0,364.0
1766,273,1937,114.0,364.0
1767,274,1938,115.0,364.0
1768,1189,1939,116.0,364.0
1769,1188,1940,117.0,364.0
1770,337,1941,118.0,364.0
1771,545,1942,119.0,364.0
1772,546,1943,120.0,364.0
1773,890,1944,121.0,364.0
1774,2223,1945,122.0,364.0
1775,1977,1946,123.0,364.0
1776,1978,1947,124.0,364.0
1777,2066,1948,125.0,364.0
1778,1350,1949,126.0,364.0
1779,1351,1950,127.0,364.0
1780,1343,1951,128.0,364.0
1781,1144,1952,129.0,364.0
1782,1136,1953,130.0,364.0
1783,846,1954,131.0,364.0
1784,847,1955,132.0,364.0
1785,740,1956,133.0,364.0
1786,741,1957,134.0,364.0
1787,848,1958,135.0,364.0
1788,849,1959,136.0,364.0
1789,695,1960,137.0,364.0
1790,428,1961,138.0,364.0
1791,429,1962,139.0,364.0
1792,850,1963,140.0,364.0
1793,851,1964,141.0,364.0
1794,833,1965,142.0,364.0
1795,832,1966,143.0,364.0
1796,797,1967,144.0,364.0
1797,796,1968,145.0,364.0
1798,795,1969,146.0,364.0
1799,794,1970,147.0,364.0
1800,322,1971,148.0,364.0
1801,116,1972,149.0,364.0
1802,117,1973,150.0,364.0
1803,958,1974,151.0,364.0
1804,406,1975,152.0,364.0
1805,875,1976,153.0,364.0
1806,1282,1977,154.0,364.0
1807,170,1978,155.0,364.0
1808,1283,1979,156.0,364.0
1809,1284,1980,157.0,364.0
1810,1022,1981,158.0,364.0
1811,1023,1982,159.0,364.0
1812,493,1984,109.0,365.0
1813,1901,1985,110.0,365.0
1814,1177,1986,111.0,365.0
1815,1009,1987,112.0,365.0
1816,451,1988,113.0,365.0
1817,272,1989,114.0,365.0
1818,1186,1990,115.0,365.0
1819,1190,1991,116.0,365.0
1820,1280,1992,117.0,365.0
1821,338,1993,118.0,365.0
1822,544,1994,119.0,365.0
1823,889,1995,120.0,365.0
1824,1878,1996,121.0,365.0
1825,1879,1997,122.0,365.0
1826,1880,1998,123.0,365.0
1827,1881,1999,124.0,365.0
1828,1349,2000,125.0,365.0
1829,1148,2001,126.0,365.0
1830,1143,2002,127.0,365.0
1831,844,2003,128.0,365.0
1832,845,2004,129.0,365.0
1833,737,2005,130.0,365.0
1834,738,2006,131.0,365.0
1835,739,2007,132.0,365.0
1836,692,2008,133.0,365.0
1837,956,2009,134.0,365.0
1838,957,2010,135.0,365.0
1839,880,2011,136.0,365.0
1840,426,2012,137.0,365.0
1841,427,2013,138.0,365.0
1842,834,2014,139.0,365.0
1843,802,2015,140.0,365.0
1844,801,2016,141.0,365.0
1845,800,2017,142.0,365.0
1846,799,2018,143.0,365.0
1847,798,2019,144.0,365.0
1848,953,2020,145.0,365.0
1849,874,2021,146.0,365.0
1850,206,2022,147.0,365.0
1851,205,2023,148.0,365.0
1852,202,2024,149.0,365.0
1853,118,2025,150.0,365.0
1854,119,2026,151.0,365.0
1855,176,2027,152.0,365.0
1856,177,2028,153.0,365.0
1857,405,2029,154.0,365.0
1858,404,2030,155.0,365.0
1859,1020,2031,156.0,365.0
1860,1021,2032,157.0,365.0
1861,169,2033,158.0,365.0
1862,1963,2034,159.0,365.0
1863,492,2036,110.0,366.0
1864,1348,2037,111.0,366.0
1865,452,2038,112.0,366.0
1866,1176,2039,113.0,366.0
1867,271,2040,114.0,366.0
1868,1303,2041,115.0,366.0
1869,1191,2042,116.0,366.0
1870,1279,2043,117.0,366.0
1871,339,2044,118.0,366.0
1872,543,2045,119.0,366.0
1873,1976,2046,120.0,366.0
1874,1897,2047,121.0,366.0
1875,1896,2048,122.0,366.0
1876,1895,2049,123.0,366.0
1877,1147,2050,124.0,366.0
1878,1142,2051,125.0,366.0
1879,842,2052,126.0,366.0
1880,843,2053,127.0,366.0
1881,734,2054,128.0,366.0
1882,735,2055,129.0,366.0
1883,736,2056,130.0,366.0
1884,691,2057,131.0,366.0
1885,690,2058,132.0,366.0
1886,881,2059,133.0,366.0
1887,835,2060,134.0,366.0
1888,778,2061,135.0,366.0
1889,424,2062,136.0,366.0
1890,425,2063,137.0,366.0
1891,694,2064,138.0,366.0
1892,689,2065,139.0,366.0
1893,803,2066,140.0,366.0
1894,872,2067,141.0,366.0
1895,873,2068,142.0,366.0
1896,211,2069,143.0,366.0
1897,210,2070,144.0,366.0
1898,209,2071,145.0,366.0
1899,208,2072,146.0,366.0
1900,207,2073,147.0,366.0
1901,204,2074,148.0,366.0
1902,203,2075,149.0,366.0
1903,353,2076,150.0,366.0
1904,120,2077,151.0,366.0
1905,121,2078,152.0,366.0
1906,178,2079,153.0,366.0
1907,179,2080,154.0,366.0
1908,180,2081,155.0,366.0
1909,181,2082,156.0,366.0
1910,182,2083,157.0,366.0
1911,1894,2084,158.0,366.0
1912,1910,2085,159.0,366.0
1913,1488,2086,103.0,367.0
1914,1491,2087,104.0,367.0
1915,2285,2088,105.0,367.0
1916,491,2089,110.0,367.0
1917,453,2090,111.0,367.0
1918,1008,2091,112.0,367.0
1919,1175,2092,113.0,367.0
1920,270,2093,114.0,367.0
1921,1193,2094,115.0,367.0
1922,1192,2095,116.0,367.0
1923,1339,2096,117.0,367.0
1924,340,2097,118.0,367.0
1925,542,2098,119.0,367.0
1926,1899,2099,120.0,367.0
1927,1898,2100,121.0,367.0
1928,1146,2101,122.0,367.0
1929,1141,2102,123.0,367.0
1930,841,2103,124.0,367.0
1931,730,2104,125.0,367.0
1932,731,2105,126.0,367.0
1933,732,2106,127.0,367.0
1934,733,2107,128.0,367.0
1935,955,2108,129.0,367.0
1936,836,2109,130.0,367.0
1937,805,2110,131.0,367.0
1938,804,2111,132.0,367.0
1939,780,2112,133.0,367.0
1940,779,2113,134.0,367.0
1941,422,2114,135.0,367.0
1942,423,2115,136.0,367.0
1943,696,2116,137.0,367.0
1944,693,2117,138.0,367.0
1945,216,2118,139.0,367.0
1946,215,2119,140.0,367.0
1947,214,2120,141.0,367.0
1948,213,2121,142.0,367.0
1949,212,2122,143.0,367.0
1950,365,2123,144.0,367.0
1951,364,2124,145.0,367.0
1952,716,2125,146.0,367.0
1953,717,2126,147.0,367.0
1954,1025,2127,148.0,367.0
1955,363,2130,151.0,367.0
1956,122,2131,152.0,367.0
1957,123,2132,153.0,367.0
1958,1132,2133,154.0,367.0
1959,764,2134,155.0,367.0
1960,763,2135,156.0,367.0
1961,183,2136,157.0,367.0
1962,184,2137,158.0,367.0
1963,185,2138,159.0,367.0
1964,1489,2139,102.0,368.0
1965,457,2140,103.0,368.0
1966,458,2141,104.0,368.0
1967,459,2142,105.0,368.0
1968,2262,2143,106.0,368.0
1969,1902,2144,110.0,368.0
1970,454,2145,111.0,368.0
1971,1007,2146,112.0,368.0
1972,324,2147,113.0,368.0
1973,269,2148,114.0,368.0
1974,1194,2149,115.0,368.0
1975,1278,2150,116.0,368.0
1976,1338,2151,117.0,368.0
1977,341,2152,118.0,368.0
1978,541,2153,119.0,368.0
1979,1041,2154,120.0,368.0
1980,1042,2155,121.0,368.0
1981,840,2156,122.0,368.0
1982,727,2157,123.0,368.0
1983,728,2158,124.0,368.0
1984,729,2159,125.0,368.0
1985,837,2160,126.0,368.0
1986,810,2161,127.0,368.0
1987,809,2162,128.0,368.0
1988,808,2163,129.0,368.0
1989,807,2164,130.0,368.0
1990,806,2165,131.0,368.0
1991,781,2166,132.0,368.0
1992,419,2167,133.0,368.0
1993,420,2168,134.0,368.0
1994,421,2169,135.0,368.0
1995,220,2170,136.0,368.0
1996,219,2171,137.0,368.0
1997,218,2172,138.0,368.0
1998,217,2173,139.0,368.0
1999,368,2174,140.0,368.0
2000,367,2175,141.0,368.0
2001,366,2176,142.0,368.0
2002,715,2177,143.0,368.0
2003,504,2178,144.0,368.0
2004,362,2180,151.0,368.0
2005,361,2181,152.0,368.0
2006,124,2182,153.0,368.0
2007,136,2183,154.0,368.0
2008,1137,2184,155.0,368.0
2009,702,2185,156.0,368.0
2010,701,2186,157.0,368.0
2011,1050,2187,158.0,368.0
2012,1332,2188,159.0,368.0
2013,2258,2189,102.0,369.0
2014,1493,2190,103.0,369.0
2015,461,2191,104.0,369.0
2016,460,2192,105.0,369.0
2017,1975,2193,106.0,369.0
2018,455,2196,111.0,369.0
2019,1006,2197,112.0,369.0
2020,268,2198,113.0,369.0
2021,911,2199,114.0,369.0
2022,910,2200,115.0,369.0
2023,909,2201,116.0,369.0
2024,908,2202,117.0,369.0
2025,342,2203,118.0,369.0
2026,343,2204,119.0,369.0
2027,839,2205,120.0,369.0
2028,725,2206,121.0,369.0
2029,726,2207,122.0,369.0
2030,815,2208,123.0,369.0
2031,814,2209,124.0,369.0
2032,813,2210,125.0,369.0
2033,812,2211,126.0,369.0
2034,811,2212,127.0,369.0
2035,870,2213,128.0,369.0
2036,871,2214,129.0,369.0
2037,782,2215,130.0,369.0
2038,226,2216,131.0,369.0
2039,225,2217,132.0,369.0
2040,224,2218,133.0,369.0
2041,223,2219,134.0,369.0
2042,222,2220,135.0,369.0
2043,221,2221,136.0,369.0
2044,372,2222,137.0,369.0
2045,371,2223,138.0,369.0
2046,370,2224,139.0,369.0
2047,369,2225,140.0,369.0
2048,507,2226,141.0,369.0
2049,506,2227,142.0,369.0
2050,505,2228,143.0,369.0
2051,1026,2230,151.0,369.0
2052,465,2231,152.0,369.0
2053,125,2232,153.0,369.0
2054,126,2233,154.0,369.0
2055,137,2234,155.0,369.0
2056,703,2235,156.0,369.0
2057,1131,2236,157.0,369.0
2058,1476,2237,158.0,369.0
2059,2007,2238,159.0,369.0
2060,2390,2239,102.0,370.0
2061,1494,2240,103.0,370.0
2062,462,2241,104.0,370.0
2063,1490,2242,105.0,370.0
2064,1487,2243,106.0,370.0
2065,2259,2244,107.0,370.0
2066,2260,2245,108.0,370.0
2067,2261,2246,109.0,370.0
2068,456,2247,110.0,370.0
2069,490,2248,111.0,370.0
2070,913,2249,112.0,370.0
2071,267,2250,113.0,370.0
2072,912,2251,114.0,370.0
2073,1277,2252,115.0,370.0
2074,1832,2253,116.0,370.0
2075,1051,2254,117.0,370.0
2076,838,2255,118.0,370.0
2077,344,2256,119.0,370.0
2078,540,2257,120.0,370.0
2079,818,2258,121.0,370.0
2080,817,2259,122.0,370.0
2081,816,2260,123.0,370.0
2082,866,2261,124.0,370.0
2083,867,2262,125.0,370.0
2084,868,2263,126.0,370.0
2085,869,2264,127.0,370.0
2086,230,2265,128.0,370.0
2087,229,2266,129.0,370.0
2088,228,2267,130.0,370.0
2089,227,2268,131.0,370.0
2090,418,2269,132.0,370.0
2091,1292,2270,133.0,370.0
2092,1422,2271,134.0,370.0
2093,375,2272,135.0,370.0
2094,374,2273,136.0,370.0
2095,373,2274,137.0,370.0
2096,531,2275,138.0,370.0
2097,510,2276,139.0,370.0
2098,509,2277,140.0,370.0
2099,508,2278,141.0,370.0
2100,2298,2279,142.0,370.0
2101,466,2280,152.0,370.0
2102,360,2281,153.0,370.0
2103,127,2282,154.0,370.0
2104,128,2283,155.0,370.0
2105,201,2284,156.0,370.0
2106,792,2285,157.0,370.0
2107,1130,2286,158.0,370.0
2108,1474,2287,159.0,370.0
2109,1495,2289,103.0,371.0
2110,1480,2290,104.0,371.0
2111,2178,2291,105.0,371.0
2112,1486,2292,106.0,371.0
2113,1485,2293,107.0,371.0
2114,1847,2294,108.0,371.0
2115,496,2295,109.0,371.0
2116,489,2296,110.0,371.0
2117,1838,2297,111.0,371.0
2118,914,2298,112.0,371.0
2119,266,2299,113.0,371.0
2120,1140,2300,114.0,371.0
2121,722,2301,115.0,371.0
2122,723,2302,116.0,371.0
2123,724,2303,117.0,371.0
2124,819,2304,118.0,371.0
2125,345,2305,119.0,371.0
2126,539,2306,120.0,371.0
2127,865,2307,121.0,371.0
2128,235,2308,122.0,371.0
2129,234,2309,123.0,371.0
2130,233,2310,124.0,371.0
2131,232,2311,125.0,371.0
2132,231,2312,126.0,371.0
2133,783,2313,127.0,371.0
2134,1517,2314,128.0,371.0
2135,885,2315,129.0,371.0
2136,416,2316,130.0,371.0
2137,417,2317,131.0,371.0
2138,378,2318,132.0,371.0
2139,377,2319,133.0,371.0
2140,376,2320,134.0,371.0
2141,532,2321,135.0,371.0
2142,712,2322,136.0,371.0
2143,713,2323,137.0,371.0
2144,714,2324,138.0,371.0
2145,1516,2327,151.0,371.0
2146,157,2328,152.0,371.0
2147,156,2329,153.0,371.0
2148,159,2330,154.0,371.0
2149,129,2331,155.0,371.0
2150,130,2332,156.0,371.0
2151,499,2333,157.0,371.0
2152,791,2334,158.0,371.0
2153,1298,2335,159.0,371.0
2154,1842,2336,100.0,372.0
2155,463,2337,101.0,372.0
2156,1840,2338,102.0,372.0
2157,1482,2339,103.0,372.0
2158,1481,2340,104.0,372.0
2159,2177,2341,105.0,372.0
2160,1839,2342,106.0,372.0
2161,1492,2343,107.0,372.0
2162,1484,2344,108.0,372.0
2163,488,2345,109.0,372.0
2164,1848,2346,110.0,372.0
2165,1877,2347,111.0,372.0
2166,264,2348,112.0,372.0
2167,265,2349,113.0,372.0
2168,720,2350,114.0,372.0
2169,721,2351,115.0,372.0
2170,820,2352,116.0,372.0
2171,241,2353,117.0,372.0
2172,240,2354,118.0,372.0
2173,239,2355,119.0,372.0
2174,238,2356,120.0,372.0
2175,237,2357,121.0,372.0
2176,236,2358,122.0,372.0
2177,1207,2359,123.0,372.0
2178,785,2360,124.0,372.0
2179,784,2361,125.0,372.0
2180,907,2362,126.0,372.0
2181,884,2363,127.0,372.0
2182,1208,2364,128.0,372.0
2183,382,2365,129.0,372.0
2184,381,2366,130.0,372.0
2185,380,2367,131.0,372.0
2186,379,2368,132.0,372.0
2187,760,2369,133.0,372.0
2188,710,2370,134.0,372.0
2189,711,2371,135.0,372.0
2190,1040,2373,151.0,372.0
2191,158,2374,152.0,372.0
2192,154,2375,153.0,372.0
2193,153,2376,154.0,372.0
2194,155,2377,155.0,372.0
2195,131,2378,156.0,372.0
2196,132,2379,157.0,372.0
2197,498,2380,158.0,372.0
2198,1138,2381,159.0,372.0
2199,1843,2382,99.0,372.0
2200,1200,2383,100.0,373.0
2201,1841,2384,101.0,373.0
2202,1199,2385,102.0,373.0
2203,1198,2386,103.0,373.0
2204,1197,2387,104.0,373.0
2205,2173,2388,105.0,373.0
2206,1196,2389,106.0,373.0
2207,1958,2390,107.0,373.0
2208,1195,2391,108.0,373.0
2209,323,2392,109.0,373.0
2210,261,2393,110.0,373.0
2211,262,2394,111.0,373.0
2212,263,2395,112.0,373.0
2213,246,2396,113.0,373.0
2214,245,2397,114.0,373.0
2215,244,2398,115.0,373.0
2216,243,2399,116.0,373.0
2217,242,2400,117.0,373.0
2218,905,2401,118.0,373.0
2219,346,2402,119.0,373.0
2220,888,2403,120.0,373.0
2221,906,2404,121.0,373.0
2222,786,2405,122.0,373.0
2223,389,2406,123.0,373.0
2224,388,2407,124.0,373.0
2225,387,2408,125.0,373.0
2226,386,2409,126.0,373.0
2227,385,2410,127.0,373.0
2228,384,2411,128.0,373.0
2229,383,2412,129.0,373.0
2230,759,2413,130.0,373.0
2231,749,2414,131.0,373.0
2232,708,2415,132.0,373.0
2233,709,2416,133.0,373.0
2234,500,2419,151.0,373.0
2235,359,2420,152.0,373.0
2236,704,2421,153.0,373.0
2237,152,2422,154.0,373.0
2238,151,2423,155.0,373.0
2239,135,2424,156.0,373.0
2240,115,2425,157.0,373.0
2241,138,2426,158.0,373.0
2242,1477,2427,159.0,373.0
2243,2367,2429,100.0,374.0
2244,1044,2430,101.0,374.0
2245,1801,2431,102.0,374.0
2246,1483,2432,103.0,374.0
2247,1139,2433,104.0,374.0
2248,257,2434,105.0,374.0
2249,258,2435,106.0,374.0
2250,259,2436,107.0,374.0
2251,260,2437,108.0,374.0
2252,251,2438,109.0,374.0
2253,250,2439,110.0,374.0
2254,249,2440,111.0,374.0
2255,248,2441,112.0,374.0
2256,247,2442,113.0,374.0
2257,398,2443,114.0,374.0
2258,397,2444,115.0,374.0
2259,396,2445,116.0,374.0
2260,395,2446,117.0,374.0
2261,394,2447,118.0,374.0
2262,347,2448,119.0,374.0
2263,393,2449,120.0,374.0
2264,392,2450,121.0,374.0
2265,391,2451,122.0,374.0
2266,390,2452,123.0,374.0
2267,535,2453,124.0,374.0
2268,534,2454,125.0,374.0
2269,533,2455,126.0,374.0
2270,415,2456,127.0,374.0
2271,562,2457,128.0,374.0
2272,758,2458,129.0,374.0
2273,705,2459,130.0,374.0
2274,707,2460,131.0,374.0
2275,762,2461,132.0,374.0
2276,358,2462,150.0,374.0
2277,357,2463,151.0,374.0
2278,356,2464,152.0,374.0
2279,355,2465,153.0,374.0
2280,354,2466,154.0,374.0
2281,150,2467,155.0,374.0
2282,149,2468,156.0,374.0
2283,114,2469,157.0,374.0
2284,113,2470,158.0,374.0
2285,1475,2471,159.0,374.0
2286,987,2473,100.0,375.0
2287,1045,2474,101.0,375.0
2288,253,2475,102.0,375.0
2289,254,2476,103.0,375.0
2290,255,2477,104.0,375.0
2291,256,2478,105.0,375.0
2292,823,2479,106.0,375.0
2293,822,2480,107.0,375.0
2294,821,2481,108.0,375.0
2295,252,2482,109.0,375.0
2296,403,2483,110.0,375.0
2297,402,2484,111.0,375.0
2298,401,2485,112.0,375.0
2299,400,2486,113.0,375.0
2300,399,2487,114.0,375.0
2301,1337,2488,115.0,375.0
2302,1651,2489,116.0,375.0
2303,1652,2490,117.0,375.0
2304,787,2491,118.0,375.0
2305,348,2492,119.0,375.0
2306,537,2493,120.0,375.0
2307,536,2494,121.0,375.0
2308,882,2495,122.0,375.0
2309,883,2496,123.0,375.0
2310,757,2497,124.0,375.0
2311,413,2498,125.0,375.0
2312,414,2499,126.0,375.0
2313,751,2500,127.0,375.0
2314,750,2501,128.0,375.0
2315,761,2502,129.0,375.0
2316,706,2503,130.0,375.0
2317,501,2505,151.0,375.0
2318,467,2506,152.0,375.0
2319,1039,2507,153.0,375.0
2320,688,2508,154.0,375.0
2321,352,2509,155.0,375.0
2322,351,2510,156.0,375.0
2323,497,2511,157.0,375.0
2324,133,2512,158.0,375.0
2325,134,2513,159.0,375.0
2326,1043,2514,99.0,375.0
2327,830,2515,100.0,376.0
2328,829,2516,101.0,376.0
2329,828,2517,102.0,376.0
2330,827,2518,103.0,376.0
2331,826,2519,104.0,376.0
2332,825,2520,105.0,376.0
2333,824,2521,106.0,376.0
2334,901,2522,107.0,376.0
2335,902,2523,108.0,376.0
2336,903,2524,109.0,376.0
2337,904,2525,110.0,376.0
2338,1402,2526,111.0,376.0
2339,1648,2527,112.0,376.0
2340,1649,2528,113.0,376.0
2341,1650,2529,114.0,376.0
2342,1653,2530,115.0,376.0
2343,790,2531,116.0,376.0
2344,789,2532,117.0,376.0
2345,788,2533,118.0,376.0
2346,349,2534,119.0,376.0
2347,538,2535,120.0,376.0
2348,754,2536,121.0,376.0
2349,755,2537,122.0,376.0
2350,756,2538,123.0,376.0
2351,411,2539,124.0,376.0
2352,412,2540,125.0,376.0
2353,503,2542,151.0,376.0
2354,468,2543,152.0,376.0
2355,718,2544,153.0,376.0
2356,687,2545,154.0,376.0
2357,1027,2546,155.0,376.0
2358,1551,2547,156.0,376.0
2359,1724,2548,157.0,376.0
2360,886,2549,158.0,376.0
2361,918,2550,159.0,376.0
2362,831,2551,99.0,376.0
2363,1850,2552,100.0,377.0
2364,1209,2553,101.0,377.0
2365,950,2554,102.0,377.0
2366,949,2555,103.0,377.0
2367,948,2556,104.0,377.0
2368,1538,2557,105.0,377.0
2369,1515,2558,106.0,377.0
2370,1643,2559,107.0,377.0
2371,1644,2560,108.0,377.0
2372,1645,2561,109.0,377.0
2373,1646,2562,110.0,377.0
2374,1647,2563,111.0,377.0
2375,2064,2564,112.0,377.0
2376,2108,2565,113.0,377.0
2377,1997,2566,114.0,377.0
2378,2027,2567,115.0,377.0
2379,2026,2568,116.0,377.0
2380,1293,2569,117.0,377.0
2381,1545,2570,118.0,377.0
2382,350,2571,119.0,377.0
2383,1544,2572,120.0,377.0
2384,753,2573,121.0,377.0
2385,1423,2574,122.0,377.0
2386,1424,2575,123.0,377.0
2387,752,2576,124.0,377.0
2388,502,2577,152.0,377.0
2389,719,2578,153.0,377.0
2390,1028,2579,154.0,377.0
2391,1038,2580,155.0,377.0
2392,1552,2581,156.0,377.0
2393,887,2582,157.0,377.0
2394,1761,2583,158.0,377.0
2395,1851,2584,159.0,377.0
2396,1849,2585,99.0,377.0
